id_str,full_text,note,language_present,image_name
1935090898804576277,"🔴ALERTE INFO

🚨URGENT : 🇫🇷 LA FRANCE ENVOIE UN A330, UN MIRAGE ET DES AVIONS AWACS E-3 POUR SURVEILLER ET INTERCEPTER LES MISSILES ET AUTRES MENACES EN APPROCHE AU LARGE DES CÔTES D'ISRAËL. https://t.co/bmC1y76Atk","Ce post semble basé sur le suivi d’avions via des sites de trafic aérien civil, sans confirmation officielle. Aucun communiqué français ni source fiable n’annonce l’envoi d’un A330 ou AWACS en soutien à Israël. Prudence. 

help.x.com/fr/resources/a…",de,1935090894753120262.jpeg
1893596528125620575,"Niemand mit Migrationsgeschichte. Niemand unter 40. 
Das ist nicht Deutschland. https://t.co/743LkmL1Wd","Bonita Grupp ist 36, Patrick Mölleken ist 31, Kristina Vogel ist 34 Jahre alt. Kristina Vogel ist in Leninskoje, Kasachstan, geboren worden. 

de.m.wikipedia.org/wiki/Wolfgang_…

de.m.wikipedia.org/wiki/Patrick_M…

kristinavogel.de/about-me/",de,1893596523595792385.jpeg
1878137963336364444,na da haben die linken spinner von der antifa mal wieder ganze arbeit geleistet... EUCH BRAUCHT KEINER!!! #Riesa https://t.co/fI9YQOQi3n,"Das Bild kursiert seit Jahren zu sämtlichen Ereignisse durchs Netz. Beispiele im Link, manchmal ist Corrective auch nutzvoll. 

correctiv.org/faktencheck/20…",de,1878137738597175297.jpeg
1900249966116790614,"Tausende Stimmen wurden nachträglich gefunden und dem BSW gutgeschrieben. Und dennoch lehnt das Bundesverfassungsgericht den Antrag des BSW auf Nachzählung ab.

Unglaublich. https://t.co/WWlDFSD1T4","Das Bundesverfassungsgericht hat den Eilantrag des BSW abgewiesen, weil das BSW nicht das gesetzliche Verfahren der Wahlprüfung eingehalten hat. Über die Sache hat das Gericht nicht geurteilt.

bundesverfassungsgericht.de/SharedDocs/Pre…",de,1900249959389110272.jpeg
1927780157114163709,"Erstaunlich, wie schnell das heute geht: Die Polizei nimmt ""Reichsbürger"" fest, die sind in Untersuchungshaft, noch kein Prozess, kein Urteil, aber deren Immobilien werden schon vom Staat verramscht.
https://t.co/IxYCsB981o https://t.co/jTM4c9UGB1","Schloss Bärwalde wurde bereits im Oktober 2024 vom BaFin eingezogen wegen illegaler Finanzgeschäfte:
mdr.de/nachrichten/sa…

Das Verbot der Reichsbürgervereinigung hat mit dem Einzug keine Verbindung.",de,1927753695749406720.jpeg
1907273458867691984,"Kann ich mir nicht merken!

Bleibt für mich die Mohrenstraße!

. https://t.co/ERjQ8lFECq","Bei dem Artikel von Entwicklungsstadt handelt es sich um einen Aprilscherz:

""Wer unseren gestrigen Beitrag zur Umbenennung der Mohrenstraße bis zum Ende gelesen hat, hat vermutlich erkannt, dass es sich um einen Aprilscherz handelte. ""

entwicklungsstadt.de/warum-berlins-…",de,1907273456539877377.jpeg
1880954788277575807,Was ist denn mit Luisa Neubauer los ? 😐 https://t.co/f9FvqFZgyf,"Das Foto ist manipuliert, im Original lautet der Text auf dem Kleid anders:
imago-images.com/st/0795608652",de,1880954782019465216.jpeg
1876538312204365854,NETZFUND https://t.co/deA4lRP2N6,"Die Seite
""Internationalsozialistische Antifa"" wird als Satire- bzw. Fake-Seite angesehen, über die der Verfassungsgerichtshof Nordrhein-Westfalen 2018 feststellte, dass die Seite zweifelsohne nicht von echten Antifa-Aktivisten betrieben wird

Siehe Justiz NRW unter:

justiz.nrw.de/nrwe/ovgs/vgh_…",de,1876538280176463873.jpeg
1885670801384337573,Was sollte das damals von AfDner https://t.co/971JNmnRtw,"Felix von der Laden distanzierte sich später von der AfD per Video und Tweet.

x.com/felixladen/sta…",de,1885670796535746560.jpeg
1906600096621638061,"Der Meeresspiegel steigt jährlich um 0,2mm. In 50 Jahren könnte er also schon ein bis zwei Zentimeter höher sein als heute.
Amsterdam, New York und Tuvalu werden unwiederbringlich überschwemmt sein, ebenso wie die Strandvilla der Obamas. 
Es ist grausam, es ist schrecklich. Warum https://t.co/gmVMrYZpeh","Die Angaben im Post sind falsch. Die 0,2mm im ntv-Artikel beziehen sich lediglich auf den Beitrag des terrestrisch gespeicherten Wassers seit 2016, die Rate des globalen Meeresspiegels hat sich während der Satellitenära auf 4,5 mm/Jahr verdoppelt. 

nature.com/articles/s4324…

2024 waren es 5,9 mm.

nasa.gov/missions/jason…",de,1906600093685252096.jpeg
1882006201589956846,"101% Stimmen, Super seriös. Umfrage Quellen offen legen! Würfel oder Glaskugel? https://t.co/9k96NqHwJn","Die Prozentwerte summieren sich auf 101 %, weil durch Rundungen auf ganze Zahlen kleine Ungenauigkeiten entstehen. Der Hinweis unten rechts erklärt, wieso dies bei der Darstellung der Einzelwerte normal ist.

blog.onlineumfragen.com/artikel/622/",de,1882006198313951233.jpeg
1900567305756495949,"Stephan Harbarth (#CDU) macht den Weg für seinen Parteikollegen Friedrich #Merz frei.
Gab es vorher noch ein gemütliches Abendessen miteinander?
#Sondervermögen #Sonderschulden #Bundesverfassungsgericht https://t.co/u3O4wqM4YM","Stephan Harbarth war an der Entscheidung nicht beteiligt: Er gehört zum 1. Senat des Bundesverfassungsgerichts; über die betreffenden Anträge hat der 2. Senat entschieden.

de.wikipedia.org/wiki/Bundesver…

bundesverfassungsgericht.de/SharedDocs/Pre…

bundesverfassungsgericht.de/SharedDocs/Pre…",de,1900567060050046976.jpeg
1932387827125534765,"Laut Überlenden des Amoklaufs in #Graz soll es sich um den ehemaligen Schüler Samuel Haider handeln. Der bekennende Waffennarr hat 2023 versucht über ein Rekrutierungsbüro in Serbien bei der Söldnertruppe ""Wagner"" anzuheuern, ist aber aus ungenannten Gründen abgelehnt worden. https://t.co/pkc6k1gUYu","This imagine depicts Samuel Whitcomb Hyde. He has NOTHING to do with the shooting in Austria. He is an American comedian.

en.m.wikipedia.org/wiki/Sam_Hyde",de,1932387770854506496.jpeg
1893666300859203732,Lag hier in dem Gebäude vom Filmdreh rum 🤷🏽‍♂️ https://t.co/5dLP12RnCf,"Es handelt sich um eine digital bearbeitete Fälschung.

Hier geht es zum Original:
mettmann.polizei.nrw/artikel/raub-a…",de,1893666295201112064.jpeg
1891859392217207034,"Was hat Scholz zu verbergen, warum will er die Nord Stream2 Akten nicht zeigen?

Ist die Bundesregierung etwa aktiv in die Sprengung verwickelt? https://t.co/5ANNa2aASB","Es geht um die Akten über die Genehmigung und den Bau der Ostsee-Pipline Nord Stream 2, nicht um Akten über den Vorfall der gesprengten Pipeline. Der Autor des Posts lässt diese wichtige Information weg und setzt die Schlagzeile in einen falschen Kontext.

bild.de/leben-wissen/m…",de,1891859387666272256.jpeg
1929772004770529729,"Ist es Annalena #Baerbock nicht peinlich, dass Helga Schmidt – die nicht mal zur Wahl stand – ganze 7 Stimmen bekommen hat?
Im ersten Wahlgang ist Baerbock klar durchgefallen. Dann folgten wieder Deals, Versprechen und vielleicht sogar Bestechung – wie bei der Kanzlerwahl von https://t.co/bP7us8M4mx","Es gab nur einen Wahlgang für die Wahl des Vorsitzes der UN Generalversammlung. Frau Baerbock wurde direkt mit 167 von 174 abgegeben Stimmen gewählt. 

news.un.org/en/story/2025/…",de,1929771996977532928.jpeg
1876626126564729284,QUEEN. https://t.co/vDWzPTaww3,"Lena Meyer-Landrut hat dies so nie gesagt. Im Gespräch mit dem Magazin „Der Spiegel“ sagt sie „Die AfD muss
verboten werden. Ich bin zu 1000 Prozent gegen rechts und
gegen die AfD.“ Aus dem Post entsteht der Eindruck sie würde die Wähler beleidigen, was nicht zutrifft.

spiegel.de/kultur/lena-me…",de,1876626120440684544.jpeg
1913127447542772095,Schaut euch die Zahlen ganz genau an. https://t.co/jVGcJIphC4,"Laut dem Bundeskriminalamt (BKA) lagen die tatsächlichen Zahlen für 2023 deutlich darunter. Die echten Daten finden sich im offiziellen Bundeslagebild oder der PKS-Datenbank des BKA: bka.de.

Beispiel Körperverletzung 2023:
Nicht 1,2 Mio Fälle, sondern ca. 400.000 (lt. PKS 2023).
",de,1913127442539057153.jpeg
1904935511711490437,"Schwedischer Regierungschef fordert Auflösung der EU: „Das europäische Projekt ist völlig gescheitert“

Hier den vollständigen Artikel lesen:
🗞 https://t.co/e8awSJeW5w https://t.co/EafTPTClvB","Gustav Kasselstrand ist nicht der Regierungschef und gehört der rechtspopulistischen Alternative für Schweden an. Die kleinstpartei hat weder Sitze im schwedischen Parlament noch im Europaparlament.  Bei den letzten Wahlen, haben die nur 0,26%-0,46% der Wähler gewählt.

 de.m.wikipedia.org/wiki/Alternati…

en.m.wikipedia.org/wiki/Gustav_Ka…",de,1904935505977831424.jpeg
1899513421361451432,Grillenzirpen in der deutschen Medienlandschaft. https://t.co/1Ljx6evzan,"Im konkreten Fall behauptete eine Mutter in Herne fälschlicherweise, mit ihrem Baby angegriffen worden zu sein. Ermittlungen ergaben, dass die Tat nie stattgefunden hat.

berliner-kurier.de/panorama/alles…
www1.wdr.de/nachrichten/ru…
waz.de/lokales/herne-…",de,1899513413593661440.jpeg
1891072582851645778,"Die neue Pressesprecherin des Weißen Hauses, Caroline Leavitt, reagierte auf Scholz‘ Kommentar zu den Gesprächen zwischen Putin und Trump ohne deutsche Beteiligung (Scholz nannte die Gespräche einen „diktatorischen Frieden“):

„Scholz, Sie müssen mit Ihren Worten vorsichtig sein. https://t.co/ozo8aOs3Zz","There is no record that Caroline Leavitt made such statement and it certainly cannot be found in the screenshotted article.

barrons.com/news/scholz-re…",de,1891072577512099840.jpeg
1894410484390269072,"„Eine höchst peinliche Szene ereignete sich in Kiew just am Montag, am „Jahrestag“ des Krieges und unter Beisein der politischen EU-Elite von von der Leyen abwärts. 

So war im Parlament eine Resolution zur Abstimmung vorgelegt, die Selenskis Befugnisse als Präsident „bis zum https://t.co/q6dLcl9mvE","Hier wird der Umstand unterschlagen, dass die Abstimmung am nächsten Tag wiederholt wurde, weil sich bei der ersten Abstimmung viele Abgeordnete nicht beteiligt hatten. Die Resolution wurde beim zweiten Mal angenommen.

spiegel.de/ausland/wolody…",de,1894410476739575808.jpeg
1891082944573219085,"Klare Ansage aus den USA. Erst Vance jetzt Leavitt. 

Scholz nannte die Gespräche zwischen Putin und Trump ohne deutsche Beteiligung einen „diktatorischen Frieden“.

Die neue Pressesprecherin des Weißen Hauses, Caroline Leavitt, reagierte postwendend auf seinen Kommentar: https://t.co/javx5786Lq","There is no record that Caroline Leavitt made such statement and it certainly cannot be found in the screenshotted article.

barrons.com/news/scholz-re…",de,1891081849876746240.jpeg
1877591263832367491,"Ein E-ID-Referendum mit «Datenkrake» als Visual? Ein No-Go, Piratenpartei @ppsde! Wer im Internet nur fünf Minuten recherchiert, merkt: «Kraken» sind fast schon ein Klassiker für antisemitische Bildsprache.

Das bekannteste Beispiel stammt aus der NS-Propaganda. In einer https://t.co/EEtsRfs7mK","Datenkrake ist ein geläufiger, moderner  Begriff und hat keinen Antisemitischen Hintergrund.  Er bezieht sich auf Technologie und Datenmonopole, während ""Krake"" historisch belastet sein kann, wenn es im Kontext von Macht oder Kontrolle verwendet wird.

de.wikipedia.org/wiki/Datenkrake

duden.de/rechtschreibun…",de,1877500717667082241.jpeg
1878756494927147099,"Elon Musk: Vom Raketenbauer zum nächsten Präsidenten der Vereinigten Staaten nach Trump?

#Musk #USA #Präsident #Trump 

Ich wage jetzt eine gewagte Prognose: Elon Musk – der Mann, der nicht nur Raketen ins All schießt, sondern auch in Katastrophengebiete eilt und im Alleingang https://t.co/YOJVyJ6gcL","Nur US Bürger, die in den USA geboren wurden, können US Präsident werden.
Elon Musk ist in Südafrika geboren.

usa.gov/requirements-f…

de.m.wikipedia.org/wiki/Elon_Musk",de,1878755888267198464.jpeg
1927354708311658611,Nur mal so zur Erinnerung … 😉 https://t.co/XRAKh2rJXO,"Falschbehauptung: Nordkorea ist weltweit bei der Zensur auf Platz 1

1. In Nordkorea sind ca. 170 Mio. Bücher verboten
2. In Nordkorea ist beinahe 100% des Internets gesperrt. Es gibt lediglich ein Intranet.

en.wikipedia.org/wiki/Censorshi…

love-books-review.com/facts-and-figu…

en.wikipedia.org/wiki/North_Kor…

de.wikipedia.org/wiki/Kwangmyong",de,1927354702934519808.jpeg
1925126427008974985,"Kennt ihr eigentlich @Kurz_Gesagt? Die finden, dass Fentanyl eine dufte Sache ist.

Gesponsort vooooon *Trommelwirbel* https://t.co/8gVb1Ob3jf","Die Autoren erklären im Video die Wirkungsweise von Fentanyl und geben keine Pro-Fentanyl-Bewertung ab.

Hier das Short-Video:
youtube.com/shorts/W-x9d-n…

Hier die Langversion:
youtu.be/m6KnVTYtSc0?fe…",de,1925126394981281792.jpeg
1889975906204004576,"📅 Vom 13. bis 15. Februar 1945 fand die barbarische Bombardierung Dresdens durch die amerikanischen und britischen Truppen statt.  

Laut Historikern waren die Luftangriffe auf Dresden militärisch nahezu sinnlos und hatten ein eher politisches Ziel: Die Alliierten wollten der https://t.co/bYtWvU6yfM","Die Sowjetunion forderte von den Alliierten die Bombardierung Dresdens, um Nachschubwege zu kappen und bei Einmarsch einen Häuserkampf zu vermeiden. 

Vgl. u.A. Götz Bergander: Dresden im Luftkrieg, S.294 ff. und F. Taylor:
Dresden: Tuesday, 13 February 1945, S. 217–220

en.m.wikipedia.org/wiki/Bombing_o…",de,1889975897916145664.jpeg
1930115296808804448,@GarbageHuman24 Trust the science! https://t.co/DDq7MDfeht,"A stolen screenshot was attached to a fake story about the amazing cognitive benefits of ""drinking sperm.""
snopes.com/fact-check/wom…",de,1930115290781609984.jpeg
1893377169272787181,"#frankfurt ist und bleibt stabil. 
#Bundestagswahl2025 https://t.co/ZBjptGAG1I","Die Commerzbank selbst hat bestätigt, dass es sich bei der Darstellung um ein Fake Bild handelt:

x.com/commerzbank/st…",de,1893377164550021120.jpeg
1893640413384200408,"In meinem Wahllokal werden die Stimmzettel schon mal vor kategorisiert, damit man besser weiß, wer die schlimmen Finger wählt. Fotografieren ist verboten, wurde mir gesagt. https://t.co/hjnf6jVjQf","Bei der Bundestagwahl wird in bestimmten Wahlbezirken mit besonderen Stimmzetteln gewählt, um die repräsentative Wahlstatistik zu ermöglichen: bundeswahlleiterin.de/bundestagswahl…",de,1893640405637320704.jpeg
1893387736314208489,"Der große #ElonMusk ließ die „Sphere in Las Vegas“ für eine Nacht als Wahlwerbung für Alice Weidel und die AfD beleuchten. Alle Deutschen Patrioten danken Elon Musk. 
Kommentar: Was #Habeck kann, kann ich schon lange. 

#AfD  #AliceWeidel #Gruenen  #SPD #CDU #Linke #Wahlcountdown https://t.co/ErLfSXtRvc","Dieser Beitrag ist ein Scherz und keine Tatsache.
Es handelt sich um ein KI-generiertes Bild.

Quelle: der Autor des Beitrages

x.com/contracarteles…",de,1893387536719843328.jpeg
1913555052926558367,"Danke, Merkel,
Danke, Scholz,
Danke Baerbock,
Danke Merz, 
Danke, Danke, Danke. https://t.co/XQYhO65gCO","Die Zahlen sind falsch und decken sich nicht mit den Zahlen des BKA. 

Beispiel:

Mord und Totschlag:
2014: 2.179
2024: 2.282 

Einfache Körperverletzung: 
2014: 374.676
2024: 429.157

die vollständigen Daten sind hier nachzulesen: 
bmi.bund.de/SharedDocs/dow…

bka.de/SharedDocs/Dow…
",de,1913554973163446272.jpeg
1920547898263285840,"++ Nie wieder Krieg mit Russland! ++

Geschätzt 27 Millionen russische Opfer – rund die Hälfte Zivilisten, rund 3,8 Millionen gefallene deutsche Soldaten, sowie Plünderungen, Vergewaltigungen und Massaker an der deutschen Zivilbevölkerung und eine jahrzehntelange Besatzung https://t.co/e4sEUl35tp","Die emsig verbreitete Gleichsetzung von ""sowjetischen"" mit ""russischen"" Opfern der Nazi-Gewalt ist eine eklatante Verfälschung der historischer Fakten & unterschlägt, dass rund die Hälfte der Opfer in der Sowjetunion nicht der russischen Ethnie angehörten.
guides.lib.uconn.edu/ukraine/WWII
usukraine.org/blog/estimated…
pubmed.ncbi.nlm.nih.gov/12178763/
warwick.ac.uk/fac/soc/econom…
jstor.org/stable/4861047…
jstor.org/stable/10.2979…
openlibrary.org/books/OL126169….
worldpopulationreview.com/country-rankin…",de,1920547341297238016.jpeg
1880234630986727924,"Nicht zu fassen was sie uns aufbürden würden, wenn sie freie Hand hätten … https://t.co/SaxSpTcok8","Schon seit 2022 kursiert ein Sharepic eines mit einem Foto von Robert Habeck und einer vermeintlichen Aussage des Wirtschaftsministers in den sozialen Medien.
Es lassen sich keine Belege dafür finden, dass Robert Habeck den Satz gesagt hat.

dpa-factchecking.com/germany/220613…",de,1880234624732848128.jpeg
1920426088762614064,"Verfassungsschutz nimmt Behauptung zurück, dass die AfD „gesichert rechtsextrem“ ist. Gibt es heute Abend Sondersendungen bei ARD/ZDF? Dürfen wir wieder auf Delegationsreisen mit? Hört die Entmenschlichung von AfD-Mitgliedern auf? Es bleibt spannend… https://t.co/y5onbrGVck","Das Bundesamt für Verfassungsschutz hat die Einstufung der AfD als ""gesichert rechtsextremistisch"" nicht zurückgenommen, sondern im Rahmen einer sog. „Stillhaltezusage“ erklärt, diese Einstufung der AfD vorläufig bis zur Entscheidung des Gerichts über den Eilantrag auszusetzen.
vg-koeln.nrw.de/behoerde/press…",de,1920426083263901696.jpeg
1917300502041108532,Zum Glück habe ich kein E-Auto 💁🏼‍♀️ https://t.co/BBcOtJmp3N,"In Deutschland gab es keinen Stromausfall, der Blackout betraf vor allem Spanien und Portugal.
Die Überschrift wurde digital verändert.

nius.de/energie/news/b…",de,1917300498337615872.jpeg
1883144069230317571,wir sind halt rr verloren https://t.co/yMjSO2d2hh,"Der TikTok Post zeigt ein Foto von einer Demo GEGEN die AfD

abendblatt.de/meinung/articl…

ndr.de/nachrichten/ha…",de,1883144061801963520.jpeg
1927707370710315432,Vorsätzliche Parkplatzvernichtung durch die grüne Stadtregierung in Frankfurt https://t.co/u1XugZhjjC,"Selbst ohne die Absperrpfosten wäre das Parken im abgesperrten Bereich verboten.
bussgeldkatalog.de/parken-im-kreu…

Parkplätze wurden somit nicht vernichtet. Es wurden lediglich Verstöße gegen die StVO verhindert.

Google Maps (Streetview): google.com/maps/place/Gre…",de,1927707361461796864.jpeg
1876310645907628492,"Ein Hohn. Hängt in Köln in Stadtteil, wo die Leute die Miete kaum zahlen können. Für ärmere Menschen ist die gesetzliche Rente ihr einziges Vermögen im Alter. Das Rentenniveau zu halten ist auch ein Beitrag zum sozialen Frieden. Davon profitieren alle, arm wie reich. https://t.co/1WJ8DvsEBU","Die deutsche Rentenversicherung rät selbst dringend dazu, privat fürs Alter vorzusorgen.

deutsche-rentenversicherung.de/DRV/DE/Rente/M…",de,1876310634393915392.jpeg
1887110741255197070,Jeden Tag. Jeden verdammten Tag. https://t.co/CrLR2CYHtv,"Kontext, da kein Artikel verlinkt wurde und der kurze Text irreführend sein könnte.
Bei der Tat handelt es sich um einen erweiterten Suizid einer Frau an ihren 2 Kindern. 
mopo.de/news/panorama/…

baden.fm/nachrichten/dr…
",de,1887110738566676480.jpeg
1879435625394307227,„Ehrbares Verhalten“ – Schweden will Zugang zur Staatsbürgerschaft deutlich erschweren https://t.co/P3FVpxPzYl https://t.co/cK1Cc9PMqJ,"""Ehrbares Verhalten"" ist bereits nach geltendem Recht Voraussetzung für die Einbürgerung in Schweden (Staatsangehörigkeitsgesetz §11, Satz 5).

riksdagen.se/sv/dokument-oc… 
migrant-integration.ec.europa.eu/sites/default/… 
",de,1879435623708196864.jpeg
1885825184596103340,"Werden wir alle verarscht? Fritze Merz und Annalena Baerbock waren am Donnerstag bei einer Privatparty bei Armin Laschet - einen Tag nach dem groß inszenierten Streit im Bundestag. Pack schlägt sich, Pack verträgt sich. Nur noch AfD. https://t.co/Jz3wzqOuuA","Das Bild ist KI generiert. Zu erkennen an der Hand von Friedrich Merz hinter Frau Baerbock.

praxistipps.chip.de/warum-kann-ki-…",de,1885825144574152704.jpeg
1889390584223375698,"Wigald #Boning macht Wahlwerbung für die #FDP.
Wigald #Boning taucht täglich im Programm von @DasErste auf.

Liegt es nun an Max Uthoff, oder an #DieLinke, dass dieser nicht auftreten darf?
/PM https://t.co/reGxbCbMxS","Bei Bernhard Hoëcker und Wigald Boning handelt es sich um unterschiedliche Personen.  Hoëcker nimmt an einer täglichen ARD-Sendung teil, [1] während Boning die FDP unterstützt. [2]

[1]  daserste.de/unterhaltung/q…

[2] t-online.de/unterhaltung/s…",de,1889389509134999552.jpeg
1875893917175931277,"Baerbock auf Bildern unkenntlich gemacht.

Die Machthaber in Syrien haben Baerbock gezeigt, was sie von ihrer feministischen Außenpolitik und von Frauen im Allgemeinen halten.

Viele Hunderttausende syrischer Männer mit genau dieser Einstellung haben wir in unser Land gelassen, https://t.co/UailI9mpct","Das verschwommene Foto von Annalena Baerbock wurde von einem anonymen Telegram-Kanal bearbeitet (Logo sichtbar). Das unzensierte Original stammt vom syrischen Außenministerium. Keine Hinweise auf Beteiligung syrischer Behörden oder einer „ISIS/Al-Qaida-Regierung.“

?twitter.com/syrianmofaex/s…0",de,1875889547923304448.jpeg
1891402100153684013,"Die #Ampel ist mit ihrem Cannabis-Gesetz gescheitert. Es begrenzt weder den Konsum, noch drängt es den Schwarzmarkt zurück. Stattdessen erleben wir Bandenkriege. Die Legalisierung dieser Droge nehmen wir deshalb zurück.

Politikwechsel für Deutschland - Wahlprogramm von CDU und https://t.co/2ypMNevvV9","Diese Behauptungen von Markus Söder sind falsch.

Die polizeiliche Kriminalstatistik (PKS) für 2024 zeigt -33% als Rückgang bei Rauschgiftdelikten. Das Cannabisgesetz (CanG) wird explizit als Begründung der Polizei für diesen Rückgang genannt (vgl. S. 25 PKS 2024).

polizei.hamburg/resource/blob/…",de,1891402093837127680.jpeg
1879954498543845509,Das ist eine interessante Grafik https://t.co/SQtnLgR8rb,"Die in dieser Abbildung für Deutschland verwendeten Daten sind auf Grund einer methodischen Änderung im Jahr 2020 nicht im Zeitverlauf vergleichbar. 
x.com/AndreasShrugge…",de,1879954303621705728.jpeg
1882008482150547705,"Bitte mal alle Prozente zusammenzählen! Kommt ihr auch auf 101 Prozent?
Wen wollen die eigentlich verarschen? 🤣🤣🤣🤣🤣

#Umfragen https://t.co/fdkdkEa5Jd","""Aufgrund von Rundung ergibt die Summe der Einzelwerte nicht 100%""
Quelle: Bild unten rechts x.com/TimKoffiziell/…",de,1882008479683997696.jpeg
1884199277460684870,"Merkels Mann in der CDU fällt Merz in den Rücken und will Asyl-Regelung verhindern. Daniel Günther kündigt an, im Bundesrat GEGEN ein von der CDU eingebrachtes Gesetz zu stimmen, wenn es mit AfD-Stimmen verabschiedet werde. Gegen die LINKE hat er hingegen keine Bedenken und sich https://t.co/dnLGGm8Ne8","Günther hat nicht angekündigt, dagegen zu stimmen, sondern nicht dafür zu stimmen. Er begründet dies mit der Haltung der Grünen in seiner Koalition.

bild.de/politik/inland…

Der Koalitionsvertrag sieht vor, das SH sich im Bundesrat enthält, sollte Schwarz-Grün unterschiedlicher Meinung sein.

ndr.de/nachrichten/sc…",de,1884198607970070529.jpeg
1894806841974038951,Wahlbetrug!!!!!!!! https://t.co/OKERo9KnIU,"Dresden hat als kreisfreie Landeshauptstadt kein Landratsamt, sondern eine Stadtverwaltung. Dies und die unrealistische Situationsbeschreibung von Wahlzetteln, die im ca. 200 km entfernten Magdeburg aus der Elbe gefischt wurden, lassen auf „Satire“ oder einen Hoax schließen.
dresden.de/index_de.php",de,1894806835724439552.jpeg
1876860512337613093,"Jahrelang stand das ehemalige Kaufhof-Gebäude in der Regensburger Innenstadt leer – im Dezember fand man endlich einen Investor. Doch nun laufen die Bürger Sturm gegen die internationale Investorengruppe.
https://t.co/sVSZiTQucX https://t.co/wAinAJwI6t","Der Kaufhof in der Regensburger Innenstadt schloss am 19.08.2024. Die Aussage ""stand jahrelang leer"" ist falsch
merkur.de/bayern/regensb…",de,1876860470662983680.jpeg
1880825421908062491,"888 Panik das er so ausrastet, wahrscheinlich wird die Schlinge immer enger https://t.co/TlfQqDMgVs","Das Zitat ist erfunden, Frank-Walter Steinmeier hat das nicht gesagt. Das Bild wurde digital bearbeitet.

kraichgau.news/bretten/c-poli…

dpa-factchecking.com/germany/230830…",de,1880825313698975744.jpeg
1881701330449825853,"Fühlt ihr euch langsam auch verarscht?

Die Bundesregierung hebt die Gehälter der Beamten an – „weil das Bürgergeld zu hoch ist.“

Die höheren Gehälter und Zulagen sollen rückwirkend ab 2021 gezahlt  werden. 
Kosten: 403,6 Millionen Euro.

(BILD) https://t.co/IsizuIr7a0","Laut einem Urteil des BVG von 2020 müssen Besoldungen im niedrigen/mittleren Dienst teilweise angepasst werden. Grund ist ein zu geringer Unterschied zwischen dem Gehalt der Bundesbeamten und dem Betrag, den Personen und Familien erhalten, die Anspruch auf Bürgergeld haben. 
focus.de/finanzen/news/…
suedkurier.de/ueberregional/…
",de,1881700065422503936.jpeg
1914678701825892505,#LangstreckenLuisa mal wieder in einer anderen Zeitzone unterwegs. ✈️ https://t.co/XmVLTB1Z5L,"Luisa Neubauer hat am 21.04 Geburtstag. Der Post bezieht sich daher auf den Tag zuvor ist korrekt.

de.wikipedia.org/wiki/Luisa_Neu…",de,1914678699003174912.jpeg
1920426088762614064,"Verfassungsschutz nimmt Behauptung zurück, dass die AfD „gesichert rechtsextrem“ ist. Gibt es heute Abend Sondersendungen bei ARD/ZDF? Dürfen wir wieder auf Delegationsreisen mit? Hört die Entmenschlichung von AfD-Mitgliedern auf? Es bleibt spannend… https://t.co/y5onbrGVck","Das Verwaltungsgericht Köln hat die Einstufung der AfD als gesichert rechtsextrem nicht zurückgenommen. Es setzt die Einstufung lediglich aus bis zum Ende der gerichtlichen Prüfung.

vg-koeln.nrw.de/behoerde/press…",de,1920426083263901696.jpeg
1913203969029026066,Deutsche Behörden in einem Bild erklärt https://t.co/TZz7NGUkhb,"Diese Brücke steht in Lahore, Pakistan.
In gerade Linie wäre das Gefälle zu steil für eine sichere Abfahrt.
Unter der Brücke sind Bahngleise zu sehen; ihre Konstruktion ist aufwändig, aber logisch.

civilhubs.blogspot.com/2018/01/the-tr…",de,1913203967200296960.jpeg
1877088788159025264,OB DER VERFASSUNGSSCHUTZ IN DEUTSCHLAND EIGENTLICH IMMER IM URLAUB IST HABE ICH GEFRAGT https://t.co/wsYAQg1GhZ,"Hierbei handelt es sich um die Beteiligungsanzeigen der Parteien bei der Bundeswahlleiterin für die nächste Bundestagswahl, hierbei werden vor jeder Wahl sog. „Spaßparteien“ eingereicht, für eine Beobachtung durch den Verfassungsschutz fehlen „tatsächliche Anhaltspunkte.“
bundeswahlleiterin.de/info/presse/mi…
bpb.de/kurz-knapp/hin…",de,1877088785294323712.jpeg
1911837139261665531,"13 Euro streetfoodfestival Dortmund 
Langsam reichts mir https://t.co/KBSethgRAZ","Dieses Bild geistert schon länger durchs Internet. OP also entweder Satire oder Clickbait.

x.com/olly_waldron/s…",de,1911837133213425664.jpeg
1887177621659689389,"Moin!

Hier folgt eine weitere Episode ""damit keiner sagen kann, er habe es nicht gewusst"". Diesmal geht es um Vanessa Behrendt (#AfD), @MdlBehrendt.

Man beachte: Sie ist #Ministerin im #Landtag #Niedersachsen und ist familienpolitische Sprecherin der AfD, … https://t.co/1u0CMY87fQ","Der Begriff ""Ministerin"" ist irreführend und entspricht nicht den Tatsachen.  In Niedersachsen regieren SPD und Grüne. Da hat die AfD ihre Finger nicht im Spiel.
Sie ist nur ""Mitglied des (niedersächsischen) Landtags"" (MdL). 

niedersachsen.de/politik_staat/…",de,1887176674350874624.jpeg
1929546958047215728,Ukrainische Delegation in Istanbul mit Abzeichen der 36. Waffen-Grenadier-Division der SS https://t.co/BPAGiLQbRz,"Das Emblem hat entfernte Ähnlichkeit mit dem erwähnten Abzeichen , davon zu sprechen dass SS Symbol ist irreführend.

Die Ähnlichkeit kann in erster Linie auf den militärischen Kontext zurückgeführt werden , in welchem fachspezifische Symbole häufig verwendet werden.

de.m.wikipedia.org/wiki/36._Waffe…",de,1929546836408172544.jpeg
1925961666958680464,"Der tägliche Messerterror heute in Hamburg. Am Hauptbahnhof sticht ein Mann Menschen nieder, mehrere Schwerverletzte.
Es hört erst auf, wenn die Politik  will. Natürlich kann man diesen Wahnsinn stoppen. Natürlich kann man die Kontrolle zurück erobern. Man muss es aber wollen. https://t.co/Z9UsQgANo5","Die Bilder der Festnahme zeigen eine blonde Frau.
x.com/HamburgerBulls…

 Auch die Polizei spricht von Täterin.
x.com/PolizeiHamburg…
",de,1925961658846912512.jpeg
1896673760704630951,Das ist aber nicht Alexander S! Was geht hier vor sich! https://t.co/9XrmqpWz00,"Das Bild zeigt nicht den Attentäter von Mannheim sondern den Attentäter von München. Mit der retorischen Frage „was geht hier vor“ wird suggeriert, dass mit dem glatzköpfigen Mannheimer Täter der falsche Täter genannt wird, da der Täter auf dem Bild Kopfbehaarung hat. 
bild.de/regional/muenc…",de,1896673757902585857.jpeg
1877105137736470550,Bin sehr gespannt ob die Wartungsarbeiten zufällig alle morgen ab 18:59 stattfinden 🙄🤔 https://t.co/Q4xbeK2JXK,"Die Website dient als Infoportal, die Überschrift ist ganzjährig die gleiche. Für den 09.01.2025 angekündigt ist nur NetCom BW von 05:00 bis 06:00 Uhr lokal begrenzt in Durlangen. Lokale Wartungsarbeiten sind häufig und werden immer angekündigt 

Stand 08.01.2025 23:10 Uhr
netzwelt.de/news/199009-wa…",de,1877105128672485376.jpeg
1887866461940482469,"Hier die Liste, wen das #ZDF für die Sendung #Schlagabtausch  kontaktiert hat. Es ist wie so oft, ein wenig komplizierter: https://t.co/32EFfp8WCe https://t.co/bh9sefDk8H","Das ist falsch, wie das ZDF inzwischen eingestanden hat, nachdem etwa die Friedrich Naumann Stiftung widersprochen hat. Weder über die Friedrich Naumann Sitftung für die Freiheit noch über das Demographie Netzwerk e.V. wurde eingeladen.
x.com/FNFreiheit/sta…
presseportal.zdf.de/pressemitteilu…",de,1887866238656724993.jpeg
1875831019842216347,"Das letzte Mal, dass in Deutschland jemanden die Staatsangehörigkeit aberkannt werden könnte, war durch das Gesetz über den Widerruf von Einbürgerungen und die Aberkennung der deutschen Staatsangehörigkeit vom 14. Juli 1933. Merz agiert ahistorisch. https://t.co/AvkS73qTqq","Ein Entzug der Staatsangehörigkeit ist nach §28 StAG schon heute möglich, die Aussage ist also falsch.
gesetze-im-internet.de/stag/__28.html
Die Möglichkeit zum Entzug der Staatsangehörigkeit für Doppelstaatler ist auch im Grundgesetz in Artikel 16 explizit vorgesehen 
gesetze-im-internet.de/gg/art_16.html",de,1875831017514074112.jpeg
1890303803745837367,krass https://t.co/4OsyNCg9if,"Das Bild wurde bearbeitet. Lasse Halisch hat ein nicht ausgefüllten Stimmzettel gepostet.


instagram.com/stories/lasse.…",de,1890303798729375744.jpeg
1890333412344414649,"So geht False Balance: es ist beschämend, dass Studien-Abbrecherin @Ricarda_Lang überhaupt neben dem US-Vizepräsidenten sitzen darf! #MSC2025 https://t.co/W5lIiJtizm","Desinformation. 
Dieser Screenshot ist von der Münchner Sicherheitskonferenz 2024, München, 18.02.2024. Frau Lang war von Februar 2022 bis November 2024 zusammen mit Omid Nouripour Bundesvorsitzende von Bündnis 90/Die Grünen.
securityconference.org/mediathek/asse…",de,1890333407269335040.jpeg
1908101935770562722,"Nach #Lidl und #Aldi Nord jetzt auch Aldi Süd.
Der #Sitzhase verdrängt den Osterhasen.
Die schleichende Islamisierung Deutschlands schreitet immer mehr voran, getrieben von den reichsten Familien Deutschlands wie Albrecht und Schwarz. https://t.co/qiN9M7sXgo","„Sitzhase“ ist eine seit Jahren übliche Bezeichnung für sitzende Schokohasen. Auch Namen wie „Goldhase“ (Lindt) oder „Schmunzelhase“ (Milka) sind gängig. Aldi und Lidl verwenden „Osterhase“ weiterhin bei anderen Produkten. Es handelt sich nicht um eine Umbenennung.

berliner-zeitung.de/news/sitzhase-…

berliner-kurier.de/panorama/oster…

mimikama.org/sitzhase-statt…",de,1908100762833485824.jpeg
1901900031717704125,"Wenn der Bundespräsident, der höchste Repräsentant unseres Staates, den Bundestag aufgelöst hat, wie kann es dann sein, dass dieser aufgelöste, und inzwischen durch Neuwahlen ersetze, alte Bundestag heute zu  Verfassungsänderungen zusammenkommt, ohne dass der Bundespräsident, der https://t.co/wqOwp77xAz","Der alte Bundestag darf bis zur Konstituierung des neuen Parlaments weiter tagen und Gesetze beschließen (§ 39 BWahlG), da die Auflösung nur die Neuwahl auslöst, aber nicht sofort die Handlungsfähigkeit beendet.

gesetze-im-internet.de/gg/art_39.html",de,1901900023593365505.jpeg
1897953350831751636,Frauen verdienen in Deutschland immer noch 16 % weniger als Männer. Das ist inakzeptabel! Wir fordern gleiche Bezahlung für gleiche Arbeit. 👉 https://t.co/BE9fkcUIYJ #EqualPayDay https://t.co/KcKrdqnXAG,"Die 16 % Gehaltsunterschied beziehen sich, anders als der Post suggeriert, nicht auf die Bezahlung für gleiche Arbeit. Wenn weitere Faktoren wie Berufswahl, Teilzeit etc. berücksichtigt werden, verringert sich der Abstand auf 6 %.
destatis.de/DE/Themen/Arbe…",de,1897944486145077248.jpeg
1906226284541194634,"Stelle Dir vor, Du hast Probleme mit Deinen Augen und weißt, dass nur ein Augenarzt und kein Allgemeinmediziner Dir wirklich helfen kann. Dann musst Du, wenn Du dreisterweise ohne Überweisung direkt den Augenarzt aufsuchst, draufzahlen.

So will es die neue Regierung. Du sollst https://t.co/TbwU6CZ9Qf","Laut Bundesärztekammer sollen Ausnahmen für die Augenheilkunde und die Gynäkologie gelten.
Es ist daher nicht richtig, dass man vor dem Besuch eines Augenarztes eine Überweisung vom Hausarzt braucht.

welt.de/politik/deutsc…",de,1906224350245597184.jpeg
1887928861930774685,"Sieht nicht soooo gut aus für die AfD.

Ihr ÖRR https://t.co/oKBLDLdChs","Diese schon von sich aus fehlerhafte Grafik ist vom 09.09.2024. Der Post suggeriert, dass diese Grafik gerade aktuell sei und dass der ÖRR noch eine falsche Grafik herausgebracht hätte.

nordkurier.de/politik/ard-ze…",de,1887928420161482752.jpeg
1881811995110117516,Wer macht glaubwürdigere Grafiken - das statistische Bundesamt oder @c_lindner? #DeshalbDieLinke https://t.co/19mkzhaGbt,"Keine der Grafiken oder Daten stammt vom statistischen Bundesamt, welches eine Bundesbehörde ist. 
ZEW und Statista sind GmbHs, der Bund der Steuerzahler ist ein Verein.

de.wikipedia.org/wiki/Statistis…",de,1881811989380358144.jpeg
1915777873660477836,"Wir haben unser Versprechen gehalten: Keine Turbo-Einbürgerung.
Wir als #CSU haben klare Kante gezeigt – und uns durchgesetzt: Die #Einbürgerung bleibt an klare Voraussetzungen gebunden. Wer deutscher Staatsbürger werden will, muss dauerhaft hier leben, für sich selbst sorgen https://t.co/j82yJ8yUw6","Markus Söder spricht davon Wahlversprechen gehalten zu haben. Das ist zum aktuellen Zeitpunkt gar nicht möglich, da weder eine Regierungskoalition gebildet wurde und die Union auch nicht alleine regiert. 

Momentan wird Deutschland kommissarisch vom Kabinett Scholz 1 geführt. 

bundesregierung.de/breg-de/bundes…",de,1915777854484193280.jpeg
1938544698903187756,Wir halten Wort. Wir machen Deutschland wieder sicherer. Mit dem Beschluss zur temporären Aussetzung des Familiennachzugs hat der Deutsche Bundestag heute eine wichtige Entscheidung zur Entlastung der Kommunen beschlossen. https://t.co/5YUWqKoC0b,"Aussage im Post ist irreführend: es wird nicht der gesamte Familiennachzug von Asylberechtigten und Flüchtlingen ausgesetzt, sondern nur der von subsidiär Schutzberechtigten.
tagesschau.de/inland/innenpo…

Dieser macht lediglich 10 % des Familiennachzugs aus.
de.euronews.com/my-europe/2025…

",de,1938544692704018432.jpeg
1887938486088450387,"#Merz-Leserbrief aus dem SPIEGEL

🚨Bitte weder lesen noch teilen🚨 https://t.co/eNKYUg3FUK","Fake: Es haltet sich hier um eine Falschbehauptung, die der Spiegel ungeprüft veröffentlicht und mittlerweile auch wieder gelöscht hat…

berliner-zeitung.de/news/fake-news…",de,1887938481336299520.jpeg
1900704950281220118,"In Deutschland weiss man wirklich nicht mehr, wo Realität aufhört und grossartige Satire anfängt! #SPD #Esken https://t.co/6jcMf4fJQH","Der Screenshot ist gefälscht, eine solche Meldung existiert nicht. Saskia Esken wird derzeit nicht als Ministerin in einer möglichen schwarz-roten Koalition gehandelt.

merkur.de/politik/merz-k…",de,1900704766797156352.jpeg
1915354808753545522,"Wir haben unser Versprechen gehalten: Die #Wirtschaft wird gestärkt. Wir als #CSU haben durchgesetzt, dass Unternehmen im ganzen Land spürbar entlastet werden – mit besseren steuerlichen Rahmenbedingungen und weniger Bürokratie. Mit Sonderabschreibungen von jeweils 30 Prozent für https://t.co/3J3SBAac4o","Markus Söder spricht davon Wahlversprechen gehalten zu haben. Das ist zum aktuellen Zeitpunkt gar nicht möglich, da weder eine Regierungskoalition gebildet wurde und die Union auch nicht alleine regiert. 

Momentan wird Deutschland kommissarisch vom Kabinett Scholz 1 geführt. 

bundesregierung.de/breg-de/bundes…",de,1915354653824303104.jpeg
1902262235373707663,"‼️👉☄️WEF fordert weltweites Verbot von selbst angebauten Lebensmitteln, um „Netto-Null“ zu erreichen‼️‼️

Das Weltwirtschaftsforum (WEF) fordert Regierungen weltweit auf, den privaten Anbau von Lebensmitteln zu verbieten, um angeblich die CO₂-Emissionen zu senken. Laut WEF https://t.co/k5ugcWEWlf","Selbst auf der als Quelle verlinkten Website wird mittlerweile eingeräumt, dass das WEF nie ein solches Verbot gefordert hat: „Es gibt keine klaren Hinweise darauf, dass das Weltwirtschaftsforum (WEF) weltweites Verbot von selbst angebauten Lebensmitteln […] gefordert hat.“

uncutnews.ch/wef-fordert-we…

gadmo.eu/weltwirtschaft…",de,1902262230634172416.jpeg
1932387827125534765,"Laut Überlenden des Amoklaufs in #Graz soll es sich um den ehemaligen Schüler Samuel Haider handeln. Der bekennende Waffennarr hat 2023 versucht über ein Rekrutierungsbüro in Serbien bei der Söldnertruppe ""Wagner"" anzuheuern, ist aber aus ungenannten Gründen abgelehnt worden. https://t.co/pkc6k1gUYu","This imagine depicts Samuel Whitcomb Hyde. He has NOTHING to do with the shooting in Austria. He is an American comedian.

en.m.wikipedia.org/wiki/Sam_Hyde",de,1932387770854506496.jpeg
1879106313956765889,"Die #Ampel ist mit ihrem #Cannabis-Gesetz gescheitert. Es begrenzt weder den Konsum, noch drängt es den Schwarzmarkt zurück. Stattdessen erleben wir Bandenkriege. Die Legalisierung dieser #Droge nehmen wir deshalb zurück.

Politikwechsel für Deutschland - Wahlprogramm von CDU und https://t.co/BJf575ChiS","Es ist schlichtweg falsch,dass Bandenkriege durch das CanG verursacht werden und wurden.
Länder wie Schweden und Frankreich mit sehr strengen Cannabisgesetzen leiden unter den Bandenkriegen noch mehr wie Deutschland! 
Bandenkriege sind ein europäisches Problem!

welt.de/politik/auslan…

sueddeutsche.de/panorama/schwe…

nzz.ch/international/…",de,1879106307787046912.jpeg
1877385888906318281,💀 https://t.co/KYSVvrMSzH,"Im Screenshot handelt es sich nicht um den echten FlixBus Account. Der echte, der auch auf der Homepage verlinkt ist, ist dieser hier: 

tiktok.com/@flixbus?_t=ZN…

flixbus.de (Siehe ganz unten)",de,1877385884330328064.jpeg
1932068667782566360,"Wer für die AfD eintritt, darf also nicht Jurist werden... Was hat das noch mit Demokratie zu tun? https://t.co/NOUPAjD43T","Ausschlaggebend für die Entscheidung war nicht die Mitgliedschaft in der AfD. Dem Mann fehlt es laut einem Gerichtsurteil aufgrund von von ihm verfassten rassistischer Texte am Bekenntnis zur freiheitlich-demokratischen Grundordnung. 

lto.de/karriere/jura-…
",de,1932068665748324353.jpeg
1881782937974403261,"Egal welcher Meinung man ist, so ein Verhalten ist nicht akzeptabel. ❌ https://t.co/BzYgWkA5Bw","Bild ist von 2023 und es wurden mehrere Fahrzeuge vom selben Täter beschädigt. War also nicht gezielt.

heute.at/s/wiener-haken…",de,1881782932945162240.jpeg
1917572399668543616,"Jeden Tag das gleiche Bild, fast ohne Ausnahme. Sie machen uns krank und Keiner wehrt sich. Ich spreche allen, die an diesem Experiment, wissentlich teilnehmen, meine tiefste Verachtung aus!!! ✈️ https://t.co/mtr5ty5EXd","Dieser Post enthält die Verbreitung der Chemtrail-Verschwörungstheorie, die wissenschaftlich widerlegt ist. Kondensstreifen sind ein natürliches Phänomen, das durch Flugzeugabgase in großer Höhe entsteht, und es gibt keine Beweise für das Versprühen von Chemikalien. 
en.m.wikipedia.org/wiki/Chemtrail…
klimaschutz-portal.aero/faq/was-verste…

bundestag.de/resource/blob/…
de.m.wikipedia.org/wiki/Chemtrail
",de,1917572397344972800.jpeg
1896636725923082544,Ich hab da mal ein paar Fragen🤡 https://t.co/6RfUyPl2x6,"Das Bild zeigt die Verhaftung des Attentäters aus München, auch zu erkennen am Bayrischen Wappen an der Türe des Polizeiautos 

m.bild.de/regional/muenc…",de,1896636720189214720.jpeg
1889603729436872949,"Kleine Wahlhilfe 😡😡😡
Dreckiger, pädophiler Abschaum 🤮🤮 https://t.co/P3zb8fltQ1","Kontext: Die Gesetzesanpassung erfolgte um die Strafverfolgung und die Unterstützung der Betroffenen zu erleichtern. Die Höchststrafen gelten unverändert.

correctiv.org/faktencheck/20…

bundesregierung.de/breg-de/servic…",de,1889603720851128320.jpeg
1881965439598870696,"Spätestens wenn YouGov 101% ausweist und den Sozis 19% serviert, sollten wir die Frage stellen, ob hier ein Institut wirklich ohne Auftraggeber handelt… https://t.co/ehTZZkG3fm","Die Prozentwerte summieren sich auf 101 %, weil durch Rundungen auf ganze Zahlen kleine Ungenauigkeiten entstehen. Der Hinweis unten rechts erklärt, wieso dies bei der Darstellung der Einzelwerte normal ist.

blog.onlineumfragen.com/artikel/622/",de,1881965435601514496.jpeg
1913555052926558367,"Danke, Merkel,
Danke, Scholz,
Danke Baerbock,
Danke Merz, 
Danke, Danke, Danke. https://t.co/XQYhO65gCO","Die Zahlen sind falsch und decken sich nicht mit den Zahlen des BKA. 

Beispiel:

Mord und Totschlag:
2014: 2.179
2024: 2.282 

Einfache Körperverletzung: 
2014: 374.676
2024: 429.157

die vollständigen Daten sind hier nachzulesen: 
bmi.bund.de/SharedDocs/dow…

bka.de/SharedDocs/Dow…
",de,1913554973163446272.jpeg
1882374537456611445,"Fakt ist: 

@_FriedrichMerz könnte jetzt bereits mit AfD und FDP so etwas im Bundestag beschließen. Macht er aber nicht. 

Lieber verspricht er solche Sachen für die Zeit, in der er Kanzler ist. Wohlwissend, dass er das mit den möglichen Koalitionspartnern SPD und Grüne nicht https://t.co/Kxf5YnXQ5r","Das Statement ist falsch. AfD, Union & FDP haben im aktuellen Bundestag KEINE eigene Mehrheit. Sie kommen auf 362 von 733 Sitzen. Für eine Mehrheit werden 367 Sitzen benötigt.

Nur mit Hilfe des BSW oder fraktionslosen Abgeordneten könnte eine Mehrheit erreicht werden.

bundestag.de/parlament/plen…",de,1882374532746366976.jpeg
1898007286548701593,"Bis zum 7. März 2025 haben Frauen in diesem Jahr in Deutschland rechnerisch umsonst gearbeitet. 

Denn Frauen verdienen in Deutschland im Durchschnitt 16% weniger als Männer (unbereinigter #GenderPayGap 2024).

#EqualPayDay

(1/4) https://t.co/hEIhFlanbc","Der Post arbeitet mit falschen Annahmen. Der Gehaltsunterschied bezieht sich, anders als der Post suggeriert, nicht auf die Bezahlung für gleiche geleistete Arbeit. Wenn weitere Faktoren wie Berufswahl, Teilzeit etc. berücksichtigt werden, verringert sich der Abstand deutlich. 
destatis.de/DE/Themen/Arbe…",de,1898007279997218817.jpeg
1889594028632465913,"Die baltischen Staaten sind besonders unerbittlich, wenn es gegen Russland geht. Jetzt haben sie sich mit großem Tam-tam vom russischen Stromnetz abgekoppelt - und ihren Strompreis mehr als verdoppelt! Ein hoher Preis für ein bisschen Symbolpolitik. https://t.co/KxjkMq9ojX","Kontext: Der Preis am 8. Februar war ungewöhnlich niedrig. Betrachtet man auch die Tage zuvor, so sieht man, dass der Preis ziemlich stabil geblieben ist.
Aufgrund der üblichen Schwankungen kann noch nicht gesagt werden, ob er teurer oder billiger geworden ist. 

data.nordpoolgroup.com/auction/day-ah…",de,1889594023603503104.jpeg
1882182235153174588,Im Bundestag existieren bürgerliche Mehrheiten für Änderungen der Migrationspolitik. Warum werden sie nicht genutzt? https://t.co/b4Zm5RbzuO,"Das Statement ist inkorrekt und basiert auf veralteten Daten. Zum heutigen Zeitpunkt haben AfD, Union und FDP KEINE Mehrheit im Deutschen Bundestag. Zusammen kommen die drei Fraktionen auf 362 von 733 Sitze. Eine Mehrheit wäre erst bei 367 Sitzen erreicht. 

bundestag.de/parlament/plen…",de,1882182230904070144.jpeg
1882489590780735910,Das #TeamHabeck will aus dem afghanischen Kindermörder Enamullah O. einen AfD-Anhänger machen. https://t.co/Ls31z6KOoE,"Der Account verwendet den Namen ""Team Habeck Didi"" als Satire, ebenso war der Post satirisch gemeint.
Vom Account ""Team Habeck Didi"" selbst bestätigt. 

x.com/LiberalMut/sta…",de,1882489586917543936.jpeg
1885989197808353629,"Das ist vollkommen inakzeptabel! Mit welchem Recht wird hier Wahlkampf für den Faschismus gemacht, während Millionen auf die Straße gehen? Lasst uns das Studio stürmen!
Warum um alles in der Welt lädt @CarenMiosga nicht @HeidiReichinnek ein!? @CarenMiosgaTalk ist bankrott! https://t.co/O3SgWhQGhQ","Das Bild wurde bearbeitet: „Wie kann ich ihnen im Wahlkampf helfen, Frau Weidel?“ ist nicht Teil des Titels der Sendung von Caren Miosga am 02.02.25.

Im Original steht dort: „Was für ein Deutschland wollen Sie, Frau Weidel?“

daserste.de/information/ta…",de,1885989193257472000.jpeg
1897440412920377609,"Alice Weidel hat angekündigt, Donnerstag 0:00 bei Markus Lanz zu sein. 🎤 Doch jetzt, wo rauskommt, dass der Täter von #Mannheim rechtsradikal war und mit der #AfD auf Demos war, scheint sie plötzlich keine Lust mehr zu haben. 🤔 Komisch.

Keine Alice weidel zu Gast. 🤡

Und ihre https://t.co/t6dGuz5r5r","Dies ist nicht  korrekt, Frau Weidel ist nach wie vor auf der Gästeliste: 

Alice Weidel, AfD-Politikerin – Die AfD-Bundessprecherin und Fraktionsvorsitzende im Bundestag erläutert ihre Position zum Krieg in der Ukraine und zur Neuausrichtung der US-Politik unter Donald Trump.

rnd.de/medien/markus-…",de,1897440317424455680.jpeg
1912154894074544349,Eine Frage habe ich da noch: Haben die alle den gleichen Schönheitschirurgen? 🤔 https://t.co/lKjxvHwdQr,"Das Bild ist digital bearbeitet, das Original findet man z.B. hier:

bild.de/leben-wissen/w…",de,1912154889070764032.jpeg
1887203759647850600,Antifa UG zahlt Provision wenn Wahlzettel der AfD ungültig gemacht werden! https://t.co/o8BkPmGKki,"Es handelt sich hierbei um einen älteren Fake aus dem Jahr 2016. Eine derartige UG sowie die dazugehörigen Anschriften Existieren nicht.

mimikama.org/antifa-ug-schr…",de,1887203748641935360.jpeg
1887862480170266682,‼️ USAID hat die Massenmigration nach Deutschland mit 31 Millionen Dollar gefördert. Das sind die Zahlen fürs Erste ... https://t.co/lqJQBpk2lk,"Die Rhine Ordnance Barracks sind auf einer US-Militärbasis in Kaiserslautern. Diese wurde als Transitzone verwendet, um US-Amerikaner und Ortshelfer der US-Armee aus Afghanistan mit einem Special Immigrant Visa in die USA zu bringen, nicht nach Deutschland.

stripes.com/theaters/europ…",de,1887862272518721536.jpeg
1886431779050889671,"Die EU plant die Rückkehr zum russischen Pipeline-Gas als Teil der Friedensverhandlungen. Und das bedeutet, dass Nord Stream wieder aktiviert wird! Seit gestern laufen bereits die Vorbereitungen, indem 🇩🇰Dänemark Gazprom plötzlich erlaubt hat Nord Stream zu reparieren!🇷🇺👍 https://t.co/fugqyOeSW6","Die Pipeline soll nicht und erst recht nicht im Rahmen von Verhandlungen wieder in Betrieb genommen werden. Es finden Arbeiten zur Absicherung der Überreste statt: 

„Es sollen spezielle Stopfen an den offenen Rohrenden installiert werden.“

sueddeutsche.de/politik/daenem…",de,1886431679981486080.jpeg
1884556456147447994,"Über Jahre wurde die #AfD kopiert. In Inhalt und Stil.

Aber jetzt kurz vor der Wahl, wo die Empörung über eine Zusammenarbeit hoch schwappt, bekommt Herr #Söder kalte Füße und erklärt, die Annäherung der #CDU/#CSU sei ein Fehler gewesen.

Nur wer soll ihm diese Einsicht glauben? https://t.co/Wupy8opfLC","Der Artikel ist vom 25.06.2020, also nicht ""jetzt kurz vor der Wahl"".

n-tv.de/politik/Soeder…",de,1884555234279624704.jpeg
1911053042360729853,"Es wird keinen „Migranten-Stopp“ geben.

Die nächste Lüge von der CDU ist aufgeflogen. https://t.co/vwSF3NwwSK","Verantwortlich für das Bundesaufnahmeprogramm ist unter anderem das Auswärtige Amt.  
Fr. Baerbock ist dort weiterhin kommissarisch die Geschäfte führend. 

Die Meldung ist also unabhängig von einer eventuell neuen Regierung. 
bundesaufnahmeprogrammafghanistan.de
",de,1911053037839298560.jpeg
1934610814683516954,"Heute vor 18 Jahren wurde unsere Partei gegründet – aus dem Wunsch nach einer besseren, gerechteren Welt. Wir sind stolz auf das, was wir gemeinsam erreicht haben – und wir sind bereit für die Zukunft: kämpferisch, solidarisch und mit über 112.000 Mitgliedern an unserer Seite! https://t.co/9yk7nTJNHs","Die Linke ist keine Neugründung sondern rechtsidentisch mit der SED.
welt.de/politik/articl…",de,1934610810543779840.jpeg
1878074304753013009,Wer von euch war das?🤓 https://t.co/5Ng9bErHeH,"Ein Artikel des Satire Magazin ""Der Postillon"" vom 07.02.2023.
Die Geschichte hat sich seitdem viral verbreitet und wird von einigen Nutzern als Tatsache behandelt, obwohl es sich um reine Fiktion handelt.

der-postillon.com/2023/02/strack…",de,1878074241934835713.jpeg
1923850846351040680,Respekt 👏🏻🙏🏻 #esc https://t.co/icXWOI0QOq,"Das Bild stammt nicht vom diesjährigen ESC sondern aus dem Jahr 2019. 
eurovision.de/news/ESC-2019-…",de,1923850840806219776.jpeg
1902744642388386232,"Bitte nicht den alten PC oder Laptop verschrotten, weil darauf offiziell Windows 11 nicht läuft! Lieber hier lesen, wie es (vielleicht) doch geht: https://t.co/VnhjbVf8DL https://t.co/4zBhOMJ5F2","Es ist nicht nötig, 23,80€ für so ein USB-Stick auszugeben. Der gleiche USB Stick kann selber erstellt werden mithilfe der offiziellen Microsoft Windows 11 ISO und Rufus.

deskmodder.de/wiki/index.php…
",de,1902744562176827392.jpeg
1918755027281158523,"Habe das mal korrigiert: Zitat stammt aus dem Alten Testament Hosea 8, Vers 7. Dort heißt es ""Denn sie säen Wind und werden Sturm ernten"". 
@MdlBehrendt dagegen zitiert Joseph Goebbels aus der Rede zum totalen Krieg 1943: ""Wer Wind sät wird Sturm ernten"". Gern geschehen... 🤡 https://t.co/FzcDVPTxnU","In der Sportpalast-Rede von 1943 findet sich das Goebbels zugeschriebene Zitat nicht.

Der Verfasser des Tweets irrt also in der Zuschreibung zu Goebbels oder in der Quelle des Zitats.

1000dokumente.de/Dokumente/Spor…",de,1918755021493043200.jpeg
1880956400958050735,Hab nur 2 Tage krank gemacht https://t.co/TQxpJZT5MJ,"Der identische Screenshot wurde bereits am 19.11.2024 von einem anderen Account gepostet. 
x.com/Lucas23ps/stat… ",de,1880956395811385344.jpeg
1914639900680343932,https://t.co/GcqdqthCkn,"Das Bild zeigt die Flagge von Serbien, nicht von Russland.
de.wikipedia.org/wiki/Flagge_Se…
de.wikipedia.org/wiki/Flagge_Ru…",de,1914639894493732864.jpeg
1895843567010267387,"Das hatte @bundeskanzler @olafscholz am 6. November 2024 vorgeschlagen. Überschreitensbeschluss nach Art. 115 Abs. 2 S. 6 GG, um 15,5 Milliarden Euro an Ukraine-Unterstützung zu finanzieren; inkl. zusätzlicher drei Milliarden für Waffen. Tja.
👇 https://t.co/CDmDNAJkZr","Die zusätzlichen 3 Milliarden Euro Hilfen für die Ukraine hätten ohne Überschreibeisbeschluss finanziert werden können. Der Kanzler hat dies abgelehnt. 

sueddeutsche.de/politik/bundes…",de,1895843419819245568.jpeg
1884664089684615286,Die einzige Nein Stimme der CDU und die einzige der FDP https://t.co/qxrT7O6zJC,"Volker Wissing ist nicht mehr in der FDP. Er ist fraktionslos. Dies ist auch unter seinem Bild im OP vermerkt.

bundestag.de/abgeordnete/bi…",de,1884663812738998272.jpeg
1881650696908661105,"Trumps Mega-Beschlüsse innerhalb von 24 Std: So konsequent wird auch die AfD handeln!

Wie phantastisch wäre es, wenn auch in Deutschland in kürzester Zeit so viele vernünftige Entscheidungen getroffen würden? Kein Problem: Einfach AfD wählen!

Mehr dazu:
https://t.co/lModH5iUXj https://t.co/D7wfsYSWgh","D ist eine parlamentarische Demokratie, kein Präsidialsystem. Das Regieren mit Dekreten unmöglich.
bpb.de/kurz-knapp/lex…

Selbst wenn AfD gewinnt, eine absolute Mehrheit ist unwahrscheinlich. Es würde eine Koalition geben. 
bpb.de/kurz-knapp/lex…

Der Bundesrat entscheidet mit. Hier hat die AfD keine einzige Stimme.
bpb.de/kurz-knapp/lex…
",de,1881650309400842240.jpeg
1934157763048866073,"Staat: 
Wir nehmen jetzt einfach das Wehrmachtssymbol und machen es etwas runder. 

Staat auch:
Und dann führen wir strenge Gesetze ein, die verhindern das Bürger irgendwelche Symbole, die an die NS Zeit erinnern könnten veröffentlichen. https://t.co/8q04hwiaft","Das Eiserne Kreuz wurde erstmalig 1813 gestiftet und ist ursprünglich eine preußische Auszeichnung. 

de.m.wikipedia.org/wiki/Eisernes_…",de,1934157755666829312.jpeg
1898342260808229055,"-Trump hat alle Impfungen verboten:
-Der Masernausbruch in West-Texas hat 198 Fälle erreicht. (Im benachbarten Mexico nur 30 Fälle)
 
-23 Personen (hauptsächlich ungeimpfte Kinder) mussten ins Krankenhaus eingeliefert werden.

-Letzte Woche starb ein 6-jähriges Kind an Masern. https://t.co/LTpsqWYPcg","Trump und Gesundheitsminister Kennedy sind ""Impfskeptiker"". Es gibt aber keine Information dazu, dass Trump jemals Impfungen pauschal *verboten* hat oder dies plante. Der US-Gesundheitsminister hat im Gegenteil jetzt wg. des Masernausbruchs die Masern-Impfung empfohlen.

orf.at/stories/338695…
zeit.de/gesundheit/202…
spiegel.de/ausland/usa-ge…",de,1898342257087991808.jpeg
1891593998344609999,Westkurve Kaiserslautern https://t.co/Ha7F3EVM6h,"Das Bild wurde digital bearbeitet. Auf dem Beutel steht „Fortschrittmacher“

Hier das Bild aus anderer Pespektive:  
instagram.com/share/_juJPIRQV",de,1891593993231691776.jpeg
1932677601006424288,"📦🎁Die EU will jetzt 2 € Paketsteuer – pro Bestellung!📦🎁
(Allein auf dem Bild lägen dann 14€)

Man glaubt es kaum, ist aber wahr: Für jedes einzelne Päckchen, das du dir nach Hause liefern lässt, sollen zwei zusätzliche Euro fällig werden. Warum? Damit „Logistik und https://t.co/EBAE15mpTo","Die Diskussion geht um eine Paketsteuer für Lieferungen aus Nicht-EU-Ländern und zielt vorallem auf Temu, AliExpress & Co ab, die Billigware mit niedrigem Wert zollfrei in die EU schickt. Quelle: china-gadgets.de/eu-plant-china…",de,1932677597554487296.jpeg
1879430495530053932,@elonmusk https://t.co/M7mRSDiJhf,"These were Apollo 16 astronauts. This photo was taken in February, 1972 during a training exercise in preparation for the Lunar Landing mission in April, 1972:
gettyimages.ca/detail/news-ph…
flickr.com/photos/nasacom…
nasa.gov/mission/apollo…",de,1879430488974057472.jpeg
1928772238196507012,"18,36€ 🤦🏼‍♂️ https://t.co/F4EmDfQtf4","In dem Beitrag wird satirisch der deutsche öffentliche Rundfunk aufs Korn genommen. Das beigefügte Bild wurde jedoch digital verändert und stammt nicht vom offiziellen Instagram-Kanal von ZDFinfo. Der Originalbeitrag [1] ist über den beigefügten Link einsehbar.

[1] instagram.com/p/DJ6tbUwC0o9/…",de,1928772085154738176.jpeg
1874984083282899380,https://t.co/3NrXPpTc54,"While jet fuel burns at approximately 1,500°F, it only needed to heat the steel to around 1,200°F to significantly weaken its structural integrity:
youtube.com/watch?v=IIGC-P…
Structural damage and intense fires compromised the buildings' integrity:
theconversation.com/9-11-conspirac…
Building Collapse Mechanics:
politifact.com/factchecks/202…
math.mit.edu/~bazant/WTC/WT…
Passport Recovery:
youtube.com/watch?v=iJrqfv…",de,1874984039544668161.jpeg
1918352715043758490,"Achtung ‼️Achtung ‼️‼️‼️
#Stuttgart 
Es geht wieder los‼️‼️
🟥🟥🟥Eilmeldung🟥🟥🟥
🟥🟥🟥🟥 Moslem fährt in Menschenmenge 
🟥🟥🟥Viele Schwerstverletzte‼️‼️‼️
Ihr #CDU/#CSU - Wähler könnt nun eure Wahlerfolge genießen - Tote und Verletzte - 4 weitere Jahre 
#Anschlag #DeshalbAfD https://t.co/m9zhZH2fEL","Zum Zeitpunkt der Veröffentlichung gab es keine Hinweise darauf, dass der Angreifer einer islamischen Gruppe angehörte.

br.de/nachrichten/de…",de,1918351585140248576.jpeg
1906627508528714091,"A Namibian teenager has made waves by building a SIM-free phone that can make calls without the need for airtime or a network connection. This innovative device uses a unique technology that bypasses traditional communication systems, offering a solution for areas with limited or https://t.co/SqFHIYvbFN","This story appears to be recycled from 2016. The new and groundbreaking “SIM-free phone” is actually a radio weighting over 6kg and is far larger than the image suggests.

thisisafrica.me/africans-risin…",en,1906627487229997058.jpeg
1879861215150698887,https://t.co/I9RoCLjRlF,"While Stanley Meyer claimed to have invented a revolutionary water-powered car, his invention was legally deemed fraudulent, and his death was ruled as due to natural causes, not murder.
politifact.com/factchecks/202…

unilad.com/technology/wat…

parkcityprospector.us/3527/opinions/…

slashgear.com/1390304/deadly…

gaia.com/article/the-my…

en.wikipedia.org/wiki/Water_fue…",en,1879861171567644674.jpeg
1895326815918661893,"🎙️ “Cristiano saying he's the best of all time?”

🇧🇷 Neymar Jr: “Next question please 😂😂😂” https://t.co/fL92tFQkJZ","It's a fake quote 
Neymar never said this 

He's laughing but it was for some other thing overall the quote is fake 


x.com/bigbraingpaid/…",en,1895326812982358017.jpeg
1920599538789691724,"Pakistan did not retaliate with missiles despite all &amp; aimed at deescalating the situation. However, India opened fire at LoC &amp; claimed lives of more children in Pakistani Kashmir which resulted in a crossborder clash leading to Pakistani shelling kiIIing twins in IOK as well; https://t.co/0SDVKhpjcW","These two siblings are Indian who killed in Pakistani shelling in Poonch.

etvbharat.com/en/!bharat/eve…

m.economictimes.com/news/defence/p…",en,1920599535644024833.jpeg
1934481329443234181,BREAKING NEWS! https://t.co/XPiNmGNrSH,"This is a clickbait to increase engagement. The image in this post shows a severe fire showing the coach is engulfed in fire and smoke. But in real, the fire was much smaller and was contained.

indiatoday.in/india/story/fi…",en,1934481318382907392.jpeg
1920840235715264866,"Rep. @Ilhan has been officially REMOVED from the Foreign Affairs Committee.

It's called WINNING 👍 https://t.co/v0WQOAJllv","Rep. Omar was removed from the Foreign Affairs Committee on February 2, 2023, which was more than two years ago.

democrats-foreignaffairs.house.gov/2023/2/meeks-i…

theguardian.com/us-news/2023/f…

nytimes.com/2023/02/02/us/…

muslimadvocates.org/2023/02/muslim…

msn.com/en-us/news/pol…",en,1920840230443085824.jpeg
1881542988024947198,Bro what https://t.co/dYooOh9SnW,"That's not a real name. Shou Zi Chew is the name of the CEO of TikTok.
en.m.wikipedia.org/wiki/Shou_Zi_C…",en,1881467846598778880.jpeg
1909936896521785413,"Nintendo Switch 2 GameCube controller is only compatible with GameCube games, Nintendo says. https://t.co/t9pIANAyyI https://t.co/2zMNU11Hv8","This was said about the other previous classic Nintendo controllers, however they still work on other games. The GameCube controllers should still work with games it's compatible with.

nintendo.com/au/nintendo-sw…",en,1909936895334764544.jpeg
1886831402542620875,Donald Trump is preparing to sign an executive order that could abolish the Department of Education. (via CNN) https://t.co/cDX8LknAlM,"The President cannot use executive action to shutdown a federal agency like the DOE, since it was created through legislation. You need congressional approval from both chambers of Congress in order to repeal an agency's operations (e.g. USIA was shutdown in 1999 by Congress).

en.wikipedia.org/wiki/United_St…",en,1886831398373244928.jpeg
1905720689564463390,"Jacob is lying. Mind you, these are tweets from September of 2023. Which again wasn't that long ago. He knows all about the strikes that have and are happening. He's just saving face, so he looks like a victim to the Hoyo kiss ass fans. https://t.co/PPKcz2EmyP","The screenshotted post from Jacob Takanashi predates the current video game strike by more than half a year.

“ SAG-AFTRA members have been on strike against video game employers since July 26, 2024.”

sagaftra.org/contracts-indu…",en,1905720684124450816.jpeg
1900190300330406116,"BREAKING: Trump had cut off all Russian oil sales to EU! 

Treasury has ended the Biden exemption that allowed sanctioned Russian banks to process European payments for oil sales. Now no one in Europe can purchase Russian oil https://t.co/zOCqzlc0Di","This is not a Trump action. It was signed on January 10 2025, before Trump took office. Full document linked. 

ofac.treasury.gov/media/933791/d…",en,1900190296865910784.jpeg
1901375342516036000,"Destiny’s affirmative defenses from his court case with Pxie leaked in a 11 page document

For those who don’t know what an affirmative defense is…

A legal strategy where a defendant introduces new facts or evidence to negate criminal or civil liability. It’s a proactive https://t.co/Nz3smXYlY2","Affirmative defenses to not require “acknowledging” the allegations. They just exist irrespective of the truth of the allegations and must be raised in the first responsive pleading or are considered waived. As the Answer shows, most allegations were denied. 

law.cornell.edu/wex/affirmativ…",en,1901375336912433152.jpeg
1933136028464042126,Money can change anything 💔💔 https://t.co/gtZj2lrFp7,"This post is fake and manipulated by the author. The 🤣 emoji was approved as part of the Unicode 9.0 standard in June 2016 and added to Emoji 3.0 that same year. The post shown claims to be from June 7, 2015, so the emoji didn't exist.
emojipedia.org/rolling-on-the…_yaytext.com/emoji/rolling-…_",en,1933135860800557056.jpeg
1919075717813293218,'Protonmail behaves like a CIA/NSA honeypot' https://t.co/pD0k9MyfAl,"Proton has not redirected .onion signups to .com since 2022.

proton.me/blog/updated-t…",en,1919075708082745344.jpeg
1908998366115053891,https://t.co/NxN6D6xA1j,"This image was posted by original poster @barelyyalex whom the credit belongs to.

x.com/barelyyalex/st…",en,1908998357529346048.jpeg
1919946960758276145,"First official photos emerge of the wreckage of Indian jet downed in Srinagar, Kashmir. Notice the french markings on the plane. Could indicate a Mirage 2000 or a Rafale...
@Natsecjeff
#PakvsIndiaWar https://t.co/NNmjhXLDEu","This is not a fighter jet but an external drop tank, also known as a wing tank. It is mounted on aircraft to extend operational range and is released when no longer required, such as to reduce weight, minimize aerodynamic drag, or during emergency situations.

en.wikipedia.org/wiki/Drop_tank",en,1919946819821248512.jpeg
1890820137462141393,"Fellow Boer paying his last respect at the farm-gate where another white farmer was hacked to death in his bed. 

This happened 25minute drive from our family farm. https://t.co/FWf5u2jQLd","This is a picture taken during the aftermath of the murder of AWB leader Eugene Terreblanche in 2010. The picture can be found in this article:
telegraph.co.uk/news/picturega…",en,1890820129467891712.jpeg
1902337020615118979,Wheelchair users wont be losing PIP I've no idea where this idea has come from. https://t.co/75cEYknEUE,"The 'Moving Around' descriptor is part of the Mobility component of PIP, not the Daily Living component.

The proposed changes to PIP scoring mean some wheelchair users will lose their Daily Living award by not scoring 4 points or more on at least one Daily Living descriptor.

bbc.co.uk/news/articles/…",en,1902337018258198529.jpeg
1928926177374163156,"🚨🚨🚨 Vitinha: ""When Messi left PSG he said you'll never win a UCL, here we are today with the UCL trophy I hope he's watching."" https://t.co/t1HaAoaprB","This statement is completely false and hasn't been reported elsewhere.

Be careful with quotes from this account.

google.com/search?q=Vitin…",en,1928926173414756352.jpeg
1874358149823775168,"Apple has released iOS 18.2, its biggest update so far.

Here are 15 features to check out:⤵️ https://t.co/WTWBGTGM2h","Most of the Features listed on this thread are not even features that are new to iOS 18.2, they are features that shipped with iOS 18 on September or Hardware Features 

macrumors.com/2024/12/06/new…",en,1874358147626000385.jpeg
1899306416902713853,"🚨 BREAKING: Voice actress and live streamer Mogami Ai was stabbed to death by an alleged anti-fan while streaming on the Japanese site ふわっち (Whowatch) in Shinjuku, Tokyo. https://t.co/oLwxRdSGf2","This post contains a factual error.
The person who was murdered was a live streamer named Mogami Ai, but she is not the same person as the voice actress Mogami Ai. They are two different people.
The voice actress and her talent agency have pointed out this error:
x.com/aiai_mogamimi/…
news.yahoo.co.jp/articles/bfdae…
news.yahoo.co.jp/articles/76511…
",en,1899306413375336448.jpeg
1883229119829168603,"Vaping harms your lungs. 
Short-term effects of vaping include coughing and shortness of breath. Long-term effects include lung damage and lung disease. It’s never too late to quit.
Learn more https://t.co/XvO6lgZNkL
#NationalNonSmokingWeek https://t.co/zRELdOITUf","Not just manufacturers say vaping is safer than smoking
gov.uk/government/pub…
rcp.ac.uk/policy-and-cam…
tobaccocontrol.bmj.com/content/23/2/1…
nap.edu/resource/24952…
cdc.gov/tobacco/basic_…

Exclusive vapers have the same cardiovascular risk / heart health biomarkers as non users
ahajournals.org/doi/pdf/10.116…
ahajournals.org/doi/10.1161/CI…

Proven to be a helpful smoking cessation tool
cochranelibrary.com/cdsr/doi/10.10…

CDC/NIOSH found similar levels to natural background
ncbi.nlm.nih.gov/pmc/articles/P…
pubmed.ncbi.nlm.nih.gov/36548547/
pubmed.ncbi.nlm.nih.gov/36136475/
antithrlies.com/2015/03/20/sci…",en,1883229098694045696.jpeg
1881302816872173894,Just a few photos NASA wished you never saw… https://t.co/ucQwFAnVo0,"1. BTS footage from the 2018 movie ""First Man""
youtu.be/hJCg_tq16Wg?si…

2. Lunar Landing Research Facility
en.wikipedia.org/wiki/Lunar_Lan…
facebook.com/nasalarc/video…

3. That's an exact replica of the Apollo 11 moon landing at Atlanta's Southeastern Fair.
snopes.com/fact-check/ban…

4. Kubrick was getting help for his movie ""2001: A Space Odyssey""
cinephiliabeyond.org/arthur-c-clark…",en,1881302808860712960.jpeg
1920640605299843155,🔥🚨DEVELOPING: Hollywood actress Pamela Anderson is going viral after a fan shared this photo comparing how she looked in the past to now. https://t.co/GIwKo5Snhq,"Pamela Anderson's photo on the right, from the Met Gala in May 2025, has been digitally altered to make her appear older. 

vanityfair.com/style/story/pa…

people.com/2025-met-gala-…",en,1920640602435096576.jpeg
1911752557938037205,Nintendo Switch 2 on track for 145% tariff hit with consoles made in China https://t.co/dbG3RcPn3V https://t.co/BstgPNxbY9,"While some accessories such as the 'Nintendo Switch™ 2 Carrying Case & Screen Protector' (nintendo.com/us/store/produ…) are indeed made in China, this is not the case for the Nintendo Switch 2 (nintendo.com/us/store/produ…) which is made in Vietnam.",en,1911752554481950721.jpeg
1894882651263353163,"🚨I want from you to be Honest for this Question:

Would you support Robert F. Kennedy Jr. FIRING Rachel Levine at the Department of Health ?

A. Yes
B. No https://t.co/6HfVJ9EyXi","Rachel Levine is no longer employed at the Department of Health

en.wikipedia.org/wiki/Rachel_Le…",en,1894882646393602048.jpeg
1931402026312769731,🚨🚨🚨Alert: Soros funded organizations have ordered hundreds of pallets of bricks to be placed near ICE facilities to be used by Democrat militants against ICE agents and staff!! It’s Civil War!!🔥🔥🔥 https://t.co/ZLmayThyx7,"This photo of bricks is taken from a Malaysian building supply company. It does not represent current events in LA.

Source for photo: buildingmaterials.com.my/products/detai…",en,1931402011926220800.jpeg
1901630698567745733,"Dijon, South France 🇲🇫 https://t.co/7NNT5RNsp9","Dijon isn't located South of France but more towards the East. Additionally, this picture is from Toulon, a city that is around 570 km/350 miles away from Dijon.

en.m.wikipedia.org/wiki/Dijon",en,1901630695820398592.jpeg
1893832608976343540,"BUSTED:

🚨🚨🚨🚨🚨

Upon my review, it appears that the meta data on the photos from the @nypost photoshoot with @stclairashley shows the pictures taken in her condo that @elonmusk pays for were taken and uploaded to the NY POST portal on FEBRUARY 2, 2025!

That means https://t.co/4BPobWnsqC","Files uploaded to NYPost include ""/2/"" followed by YEAR/MONTH, the day is discarded. Verifiable at:

web.archive.org/web/*/https://…

The actual metadata is viewable in ""Properties"" after downloading the OG file:

nypost.com/wp-content/upl…

Taken by Michael Nagle;
Feb 15th, 2025;
Canon EOS R5 camera;
f/4.5;
SPD 1/30s;
ISO 400;

i.imgur.com/r1UdB8C.png",en,1893832605755162624.jpeg
1929610029390614570,🚨BREAKING: A mysterious shell company reportedly linked to 3 senators received $500M in Ukraine war contracts. https://t.co/C5Hi97G7vl,"The claim that a mysterious shell company linked to three U.S. senators received $500 million in Ukraine war contracts is false. It originated from a satire account and has been debunked by independent fact-checkers:
leadstories.com/hoax-alert/202…",en,1929610026278109184.jpeg
1891570764643459564,MrBeast’s YouTube analytics were allegedly leaked showing he makes $4 million a month https://t.co/VZxDXEiqXE,"The Co Founder of ViewStats & Lead of the MrBeast thumbnail team @chucky has confirmed these are FAKE screenshots.

twitter.com/chucky/status/…
twitter.com/chucky/status/…",en,1891570759660609536.jpeg
1900266453019812319,"Oh, boy…. https://t.co/mXCCeZIv5w","The poster is Elon Musk's ex and mother of 3 of his children, but this is a photoshopped tweet.  The account shown has not posted this. 

x.com/Grimezsz ",en,1900266450754899969.jpeg
1922596695151456362,The Zangnan region belongs to China. The Chinese government’s recent effort to standardize the names of some of the places in Zangnan is fully within China’s sovereignty. https://t.co/dAahb3gM9O,"Arunachal Pradesh, not Zangnan, is an integral part of India. China’s renaming efforts reflect expansionist claims, rejected internationally. The region is recognized as Indian territory by the U.S. and others, per the McMahon Line [1-5].

[1] thehindu.com/news/national/…

[2] britannica.com/event/McMahon-…

[3] economictimes.indiatimes.com/news/india/bip…

[4] thehindu.com/news/internati…

[5] financialexpress.com/india-news/us-…
",en,1922596658623520768.jpeg
1912576347165294848,Yooooo🤯 https://t.co/h3BUTd5fUs,This is a manipulated image. President Trump did not post this message on Truth Social (truthSocial.com) or any other platform. The format of the manipulated image is not how “truths” exist. ,en,1912576344145227776.jpeg
1910372596194869383,"A full pink moon will be visible in the US this weekend.

Skywatchers in the U.S. can look forward to the Full Pink Moon, which will reach peak illumination on Saturday at 8:22 p.m ET. https://t.co/cdAQDKJqxG","It should be noted that (sadly) the moon won't actually be pink like in the photo.

cbsnews.com/news/april-pin…",en,1910372592571027457.jpeg
1886493004422373820,"This is a personal letter from President Saleh, the last President of Afghanistan. Pass HR 260 now. https://t.co/uzHSVBZpAt","The last president of Afghanistan was Mohammad Ashraf Ghani Ahmadzai, NOT a “President Saleh.”
web.archive.org/web/2025012614…

web.archive.org/web/2024122312…

web.archive.org/web/2024112412…

web.archive.org/web/2024122004…

There is a former Vice President of Afghanistan named Amrullah Saleh, but his letters are signed differently and have a different handwriting pattern (e.g., f’s, g’s).

archive.ph/9rosd

web.archive.org/web/2024072401…",en,1886492997870632961.jpeg
1922834218259824641,"breaking &amp; entering
1/6 https://t.co/BCgnS92czx","It should be known to any potential minors coming into contact with this account, that he is a predator

x.com/royalsnis/stat…",en,1922834214380085249.jpeg
1900578146748920029,I'd say this is a pretty major thing here. https://t.co/CGr6YQlckd,"Joe Biden left for his Virgin Islands vacation on December 26 

virginislandsdailynews.com/news/joe-biden…

cbsnews.com/news/bidens-st…",en,1900578144676896768.jpeg
1887638294730834176,insane hotbox method https://t.co/RDanKyVLfB,"Do not cover the intake of a hairdryer as this may cause sparks and/or electrical fire. 

Using an electrically conductive material against potentially exposed live wires is dangerous.

Don't use hairdryers for any other purposes other than hairdrying due to risk of fire.

p-cube.panasonic.com/nz/s/article/C…

cpsc.gov/Newsroom/News-…",en,1887638290117107713.jpeg
1903920202263474544,https://t.co/hqGaEv7At7,"This is a myth. There is no proven studies that says fried veggies may cause cancer.
cancerresearchuk.org/about-cancer/c…
news.cancerresearchuk.org/2011/12/06/bro…",en,1903920194214608896.jpeg
1930570983661850699,"Proud to have @aoc’s support in our fight for a safer, more affordable, and better-run city for all New Yorkers. https://t.co/QvPbI3ejeC",Congresswoman Alexandria Ocasio-Cortez stated that Brad Lander would be her third choice on the ballot. Her first choice was Zohran Mamdani. nytimes.com/2025/06/05/nyr…,en,1930569531967102976.jpeg
1910783898206036391,Interesting https://t.co/hCmSYRQkw1,"Texture matters. The moon has retroreflective properties as the regolith is more like finely crushed glass than soil, which scatters light much more than these rendered polished spheres. en.m.wikipedia.org/wiki/Moon",en,1910783886709448704.jpeg
1906123834228359328,"The @ukhomeoffice don’t seem to acknowledge your faith experience unless you unless you are brown and non Christian.

Which is ironic. Seeing as this is a predominantly white and Christian country.

We pay the salaries of these anti white racist scum via our taxes.

Well done us. https://t.co/5100W1FrXv","This is untrue. A quick search shows the account has posted at Easter and at Christmas - 

x.com/ukhomeoffice/s…

x.com/ukhomeoffice/s…",en,1906123829241413632.jpeg
1931034096345444766,"vehicles coing to the parade in DC.. notice anything?  they are the same color as the ones used in the russian parade.. the US nearly NEVER has green vehicles, cammo yes, tan yes... flat green.. nearly never https://t.co/xwz9ripXR1","The US military has utilized olive drab, or OD for quite a long period of time, starting around 1943 and being officially the primary color late into the Cold War. Even today, while the camo pattern has become standard, there are still OD painted vehicles and aircraft. theworldwars.net/resources/file…
",en,1931033806993080320.jpeg
1879518106512679278,I got community noted addressing a claim I never made 😭. Someone tell community notes that different versions of cars are sold in different countries. https://t.co/X1Ty2IDeej,"The same exact Maybach S680 is sold everywhere with no discernible changes 

en.m.wikipedia.org/wiki/Mercedes-…",en,1879518102343286784.jpeg
1896627754847920499,"🚨 | Joshua Zirkzee has responded to a comment made by Max Dowman, an Arsenal academy player. 😅 https://t.co/OtIbYqiiUO","Joshua Zirkzee did not reply to max_dowman10. This photo was photoshopped.

Original Post:
instagram.com/reel/DGtWifsOY…",en,1896627752289046529.jpeg
1919812727620460853,"Vaping is harmful in 3 ways: 1.) To the user, as harmful ingredients are not disclosed. 2.) To others, as vape clouds contain cancerous chemicals, heavy metals, and nicotine, which can be inhaled by nearby people. 3.) Through thirdhand aerosol exposure, as the chemical... 1/2 https://t.co/qoPbAVS5vp","The given source is about smoking, not vaping
allergyasthmanetwork.org/what-is-asthma…
Smokers health with asthma improve when switching to vaping
pubmed.ncbi.nlm.nih.gov/27011045/
The levels of the harmful chemicals are too low to cause passive harm
ncbi.nlm.nih.gov/pmc/articles/P…
pubmed.ncbi.nlm.nih.gov/36548547/
pubmed.ncbi.nlm.nih.gov/36136475/
antithrlies.com/2015/03/20/sci…
Nicotine vaping is orders of magnitude less harmful than smoking. 
rcp.ac.uk/policy-and-cam…
gov.uk/government/pub…
tobaccocontrol.bmj.com/content/23/2/1…
nap.edu/resource/24952…
fda.gov/news-events/ru…
cdc.gov/tobacco/basic_…",en,1919803769258143744.jpeg
1910837123693072553,"BREAKING FOX NEWS: Today, Elon Musk announced that effective July 2025, the social media app X will become the official and only communication system for the Social Security Administration and Medicare. The controversial change is expected to save Americans a trillion dollars. https://t.co/q2TlPHzsqO","Social Security administration has announced there will be no change in communication methods.

x.com/SocialSecurity…",en,1910837121641852929.jpeg
1880450096489214323,https://t.co/u7yNgAR6Zw,"Legal decisions have found that fluoride is a nutrient, not a medication & that fluoridation is not forced medication or a violation of constitutional rights.
biotech.law.lsu.edu/map/Fluoridati…
apha.org/policies-and-a…
casetext.com/case/kaul-v-ch…
law.justia.com/cases/illinois…
The CDC lists water fluoridation as one of the 10 great public health achievements of the 20th century.
cdc.gov/fluoridation/a…
ada.org/about/press-re…
ada.org/about/press-re…
dpbh.nv.gov/uploadedFiles/…",en,1880450052138627072.jpeg
1902716740213080167,"Pete Hegseth removed Colin Powell’s name from a list of notable Americans, buried at Arlington National Cemetery. Hegseth also removed the names of every person of color and every woman on the same list. Only white men were left in place. https://t.co/FZlv8gdUS9","No service members were permanently removed from the Notable Graves section from the Arlington Cemetery website.

General Colin L. Powell is among those listed.

arlingtoncemetery.mil/Media/News/Pos…",en,1902716735196897280.jpeg
1876311855809142818,"Elon Musk altered the like button for Tom and Zendaya's engagement on X 🚨🥵, and it's actually having an impact!

#zelena #lockdown #Crypto #GoldenGlobe #HMPvirus #HMPVoutbreak #HMPVinIndia #stockmarketcrash #GoodBadUgly #GoodBadUglyFromApril10 #Canada #JustinTrudeau https://t.co/sVLYtymzXD","This post presents an unverified claim as a fact in order to farm engagement from X users.

Elon Musk's response to engagement farming:
x.com/elonmusk/statu…",en,1876311814553694208.jpeg
1883947686895968309,"U.S. Senate candidate Sam Parker posts that Selena Gomez should be deported after she posted her now-deleted emotional video about Mexico deportations.

Gomez cannot be deported because she is American. https://t.co/1FHVMGkuAH","Referring to Sam Parker as a ""Senate candidate"" is misleading.

Parker ran for the US Senate in Utah in 2018 and received 0 (zero) votes, which does not reflect any significant candidacy.

ballotpedia.org/Samuel_Parker",en,1883947681828962304.jpeg
1902018867813114148,the free speech platform is at it again https://t.co/w97rEfIZn2,"The band's founder Ken Casey said they quit Twitter in 2022 after which their handle was taken over by someone pretending to be the band.  After a complaint the account got suspended.

""We quit Twitter in 2022 when he was only half a Nazi.""

leadstories.com/hoax-alert/202…",en,1902018862435942400.jpeg
1932334895386546434,"🚨 NEW RCB OWNERS EXPECTED. 🚨

- Current RCB owner Diageo Plc exploring possibilities for a potential sale of RCB, valued at up to $2 billion. (Bloomberg). https://t.co/auOSki08UV","The company denied these reports, clarifying no discussions were ongoing.

livemint.com/market/stock-m…",en,1932334881960570880.jpeg
1878526599408034109,How convenient. 🙄 https://t.co/RHqCZ9Ga6L,"False. This photo is from a 2014 house fire in Ohio.

Sean Combs mansion in Beverly Hills isn't near any of the wildfires.

nydailynews.com/2014/01/11/4-m…

maps.app.goo.gl/7kL4zzqmUZeiH5…",en,1878526597528965120.jpeg
1936851498693972146,GW Bush weighs in. https://t.co/Po0LoSx4aZ,"This image featuring a fake Fox News banner overlay was taken from a YouTube video posted by the Hoover Institution on July 17, 2012 and is unrelated to Trump who didn't even announce his first candidacy until June 16, 2015

youtube.com/watch?v=4RbAZj…

hoover.org/research/georg…

en.wikipedia.org/wiki/Donald_Tr…",en,1936851495770595328.jpeg
1645123338509983748,"Suella Braverman, Rishi Sunak, Race-baiting and Islamophobia
 
They have proliferated the media with fallacious claims about Asian rape gangs. Their policies about migrants are equally horrendous
 
The evidence shows their dogma has no basis
 
Let's look at their claims. /1 https://t.co/3jnPXaXIrn","It’s mostly Pakistani groups of Muslim men who are accused of gang rapes of British girls. Saying Asian rape gangs is misleading and diverting attention from the primary group (Pakistani Muslim men) accused of the crime.

en.wikipedia.org/wiki/Rotherham…",en,1645123334487547904.jpeg
1928130044485841147,Well. My mum just showed me the coolest thing you’ll probably see today. Helping her clean out her place during a move and I found this… https://t.co/hlMfchidzJ,"This photo and story is stolen from another user, and re-uploaded for engagement.

Original uploader: x.com/TOPB0YZEE/stat…",en,1928130041021448192.jpeg
1921175456784494789,Imran Khan is no more https://t.co/4EH1i6CofO,"This is false.

The image has been digitally altered, as there is no official press release on the Ministry of Foreign Affairs, Government of Pakistan’s website.

mofa.gov.pk/press-releases",en,1921175449205444608.jpeg
1880269701592543665,https://t.co/iIbfR40XZW,"Professor Nourse’s letter contradicts her own sworn testimony before Congress that there is no role for the President or the executive branch in the amendment process.

govinfo.gov/content/pkg/CH…",en,1880269697314062336.jpeg
1904340510703071305,This is very unprofessional. Why is he using his wife and kids on the campaign trail. https://t.co/UrhUH1KzHP,"Politicians often campaign with their family.

Former PM Justin Trudeau famously campaigned with his wife and children on multiple occasions in 2015.

PM Pierre Trudeau had a young Justin on board the ""Caesar Salad Express"", when people threw vegetables at the Trudeau's.

cnn.com/2015/11/04/ame…

nytimes.com/2015/10/20/wor…

upi.com/Archives/1982/…",en,1904340505124638720.jpeg
1928117379487134195,"#BREAKING: The Commonwealth has rested its case-in-chief in the murder retrial of #KarenRead.

Read's defense team will have its turn to prove she didn't murder her boyfriend #JohnOKeefe tomorrow.

#CourtTV What do YOU think? ⚖️ https://t.co/1vUu87btbZ","The presumption of innocence is a fundamental principle of the American legal system. This principle ensures the burden of proof rests solely on the state. The defense does not have to prove anything. 

constitution.congress.gov/browse/essay/a…
",en,1928115784804446208.jpeg
1919703215739740660,should be clear who to support today 👍🏻 https://t.co/ZEPq7WjydQ,"This tweet misleads by cropping a photo from the FC Inter Milan vs. SSC Napoli match at Stadio Giuseppe Meazza, Sept. 23, 2009, where Israeli and Palestinian kids united at a peace event. The full image shows both flags, proving unity—not division. 

Full picture: gettyimages.no/detail/news-ph…",en,1919703205623070720.jpeg
1877607212622680389,Drake Maye tells Instagram how he really feels 👀 https://t.co/HwljQG0nIt,"The caption on this Instagram photo has been digitally altered.  The caption actually reads: “Onward and Upward 📈 #Year1”
instagram.com/p/DEn5zK2Olj5/…=",en,1877607208747196416.jpeg
1885011989099143450,4 Survivors Have Been Rescued. ❤️❤️🙏 https://t.co/f8G9ZqU0WZ,"Inaccurate statement:

There are no survivors of flight 5342's plane crash.

nbcnews.com/news/us-news/l…

theguardian.com/us-news/live/2…

edition.cnn.com/us/live-news/p…",en,1885011982249558016.jpeg
1892582539597852793,"BREAKING NEWS 🚨

Arman Tsarukyan vs Charles Oliveira is verbally agreed for #UFC316 in Chicago Illinois. https://t.co/tftwEqbcmP","At the time of writing this note, there are no credible sources reporting this. This account is well known for posting engagement bait and creating fake news as pointed out by multiple UFC fighters.

x.com/PaddyTheBaddy/…

x.com/funkmasterMMA/…",en,1892582527325335552.jpeg
1891132934003855579,"🚨 AVOID NON-VEG FOR FEW DAYS.

Several states are reporting casualties due to Guillain-Barre syndrome. (GBS) https://t.co/7WzGU6WOW7","The causes of GBS can be due to undercooked meat or unclean food but also due to stagnant and unclean water consumed over time.
This neurologic condition can be triggered suddenly due to infection or other causes.

bbc.com/news/articles/…

indiatvnews.com/maharashtra/gb….",en,1891132931361374209.jpeg
1932184758974578749,"For those of us with zero military experience, on a scale of 1 to 10 how bad are these conditions for the National Guard deployed by President Trump to the Los Angeles riots?

Update: According to @Melissa_in_CA these pictures posted by Gavin Newsom of the “deplorable conditions” https://t.co/9CDlzQs8jG","The photos are from Los Angeles in June 2025. An AI chatbot made a false connection to an image from Afghanistan in August 2021.
sfchronicle.com/california/art…
x.com/Melissa_in_CA/…
dvidshub.net/image/6797469/…",en,1932173296268984320.jpeg
1929310062104781249,ATF headquarters flying pride flags. https://t.co/Ah3mYmzYa5,"There is a grok watermark in the button right corner... 
x.com/BluesOfBirds/s…",en,1929310059705548801.jpeg
1916897538445127744,WTF DID THEY DO TO DORA https://t.co/dBQ4tMaGg6,"The right image is 3D fanart from 2018 posted by artist Dimas Vian. The reboot of Dora The Explorer, simply called 'Dora' has a much different and refined artstyle.

artstation.com/artwork/QAGKZ
nytimes.com/2024/04/10/art…",en,1916897530756923392.jpeg
1938685126390513727,She won’t have a 33rd birthday unless she’s put on a feeding tube. Why isn’t anyone taking Arianna Grande’s anorexia seriously? https://t.co/c4bH14ojSA,"This photo was altered. The original image was taken at the Palm Springs International Film Festival. 
t.co/tatgRbsgY7",en,1938685119604084736.jpeg
1893680782993981712,Agreed @elonmusk https://t.co/PTQzJ3k5a2,"run a simple search on X of @elonmusk's tweets about Eskom right now 'Eskom (from:elonmusk)', you'll notice rightaway this tweet doesn't exists,  this is simply an edited image of a tweet with Elon's X account included & used to give it credence.
x.com/search?q=eskom…",en,1893680780041199617.jpeg
1878170134692413637,"First 2,500 people to interact get Verified with Chronic 😱😳 https://t.co/hD8n4IU7js","This Tweet is nothing but clickbait for followers to engage in false advertising. This is against X (Twitter's) Rules. 

x.com/elonmusk/statu…

yahoo.com/news/elon-musk…",en,1878169952630329344.jpeg
1905288044602675420,The Turkish Uprising of 2025 is wild https://t.co/qq814oicIr,"The AI ​​visuals created by Eren Fazlıoğlu seem so interesting that they have been the subject of news. There is a Pikachu-themed activist in the demonstrations in Türkiye. But the visual used in the news was created with AI.

instagram.com/p/DHtD5v7MBIj/…",en,1905288030388207616.jpeg
1882257815311691923,Katy Perry and her Fiancé Orlando Bloom have now unfollowed each other on Instagram. https://t.co/WDVU2cSGlD,"
Katy Perry and Orlando Bloom’s accounts unfollowed each other due to a technical glitch on Instagram.

The glitch has now been corrected and the lovely couple now follows each other again on the platform:

x.com/portalkatyperr…

instagram.com/katyperry?igsh…

instagram.com/orlandobloom?i…",en,1882257810907426816.jpeg
1884222662093988079,woah https://t.co/kGpzYBpw0v,"This is a fake image. Warren Buffet did not write this, nor any article like it. 

The below URL lists all articles that are related to Warren Buffet published by the New York Times:
nytimes.com/topic/person/w…",en,1884222623711719424.jpeg
1881780942026788951,"Was planning on driving to Austria later this year, maybe not now, thanks @elonmusk 😡😡😡 https://t.co/goo5EDdBTV","

The picture used is a picture from an article posted in 2023 by the Austrian Newspaper Heute

heute.at/s/mann-beschmi…",en,1881780936821379072.jpeg
1903489973912826155,This poor kid looks absolutely terrified. https://t.co/ZyMtU8e5EZ,This girl is pictured here with her family on the same boat. This has been debunked numerous times. google.com/amp/s/www.toda…,en,1903489966623051776.jpeg
1929693554986962946,https://t.co/sqvPKzSpon,"Elon never tweeted the original tweet about his ketamine tolerance. 

checkyourfact.com/2025/01/06/fac…
",en,1929693551937372160.jpeg
1878351516538405195,"Celebrities before and after doing BBL

1. Cardi B https://t.co/qt3PY8XmyM","That’s Nicki Minaj not Cardi B..
Also this is a stake ad, a gambling site.

business.x.com/en/help/ads-po…

en.m.wikipedia.org/wiki/Nicki_Min…",en,1878351495717916672.jpeg
1892317003056062860,Khvicha Kvaratskhelia has his first goal for PSG 💫🇬🇪 https://t.co/Xkx2WpBbhw,"It is Khvicha's 2nd Goal for PSG. 1st one was against Monaco.


fotmob.com/match/4513862",en,1892316993526640640.jpeg
1929192984060264463,"🚨💣BREAKING 🐝

🟢Aston Martin is in talks with Sebastian Vettel, “the Bee Man”, to replace Lance Stroll during the upcoming races.

We’ll see how this turns out.

#SpanishGP https://t.co/T8dEiHwvDt","This person falsely claims to be an F1 journalist with an AI generated profile picture. Therefore, this post causes disinformation.

help.x.com/en/rules-and-p…",en,1929192979685572609.jpeg
1904095820888334738,CSK has the best fan base for a reason 🔥 https://t.co/slp3YwOqjv,This is a digitally altered image! The original can be seen here : x.com/mrrathna/statu…,en,1904095818292060160.jpeg
1894565041388638329,"🚨The House just passed a new spending bill which includes NO TAX on tips, overtime, or social security.

Every single Democrat voted against it. 

Every single Democrat wants to continue taxing your overtime.

Every single Democrat wants to continue taxing social security. https://t.co/ywkAMgmSTP","
H.Con.Res. 14 (119th Congress)  does not include provisions for “no tax on tips” or “no tax on overtime.” It’s a budget resolution setting fiscal targets, not a tax or labor law, and Trump’s proposals on tips (and unmentioned overtime) would require separate legislation.

congress.gov/119/bills/hcon…",en,1894565037928263680.jpeg
1934040624656793909,🚨 #BREAKING: A man named Ismail became the chief of staff of Iran. https://t.co/SsLak4ysbW,"The man in the photo is Fenerbahçe former coach, now coaching Persepolis Tehran Football Club. An innocent civilian.


tr.m.wikipedia.org/wiki/%C4%B0sma…",en,1934040622198878208.jpeg
1919542906152747322,"Federal Judge Hon. J. Abarron has ruled that the wording of the 5th Amendment that leftists have been screaming about does NOT apply to non-citizens.

""The Constitution is clear,"" said the judge, ""The rights and privileges under this document are reserved for the citizens of the https://t.co/Jl2XMbwW8y","No federal judges are named ""J. Abarron"".

There is a judge named David J. Barron, but the judge in the picture is Georgia judge Robert McBurney.

en.wikipedia.org/wiki/List_of_c…

en.wikipedia.org/wiki/David_J._…

cnn.com/2023/08/14/pol…

There is no evidence this ruling ever existed and no court case is listed.",en,1919542903971475456.jpeg
1907716066916040839,"And so it begins. 

What a shame. https://t.co/5jmbOyd9G0","This Nigerian article of questionable authenticity was published April 1st 2024, 2 days and 1 year ago.
nairametrics.com/2024/04/01/jap…",en,1907716061606076416.jpeg
1901989905800040513,"Remember when this happened

- Yelena and Natasha in Avengers Assemble https://t.co/ealyuQ5f2j","This is stolen fanart being freebooted by the original poster.

deviantart.com/4faneblackfire…",en,1901989899550773248.jpeg
1888823968511242497,https://t.co/SJCXFNLP9N,"The Lunar Module was only used for landing and rendezvous in lunar orbit. The astronauts traveled to the Moon and back to Earth inside the Command and Service Module.

nasa.gov/history/alsj/m…
en.wikipedia.org/wiki/Apollo_pr…",en,1888823965142892544.jpeg
1893930408481358052,https://t.co/ibxFogIvEy,"This account, on several occasions, has downloaded photos taken by Carl Bovis and posted them with no credit to the original photographer.

x.com/CarlBovisNatur…",en,1893930396619874304.jpeg
1929056436618772606,"There's an enormous thread on Reddit of teachers complaining about their immigrant and black students being low functioning and destructive.

5th graders who can't throw balls.

Middle schoolers who can't hold pencils.

10th graders who can't tie shoes.

Students constantly https://t.co/mV9qrlB4NU","Nothing in the thread suggests the commentary refers specifically to Black or immigrant students. OP is misrepresenting the thread. 

reddit.com/r/Teachers/com…",en,1929055249991385088.jpeg
1911464460746723546,https://t.co/JAazZRSJTO,"The patent itself does not provide evidence of actual weather control, but rather outlines theoretical methods that have not been proven to work in practice:
patents.google.com/patent/US46866…
There is no technology capable of controlling weather patterns on a significant scale:
newsweek.com/noaa-debunks-r…
poynter.org/fact-checking/…
legal-planet.org/2024/10/17/ref…",en,1911464415909576704.jpeg
1876267642329366643,"hi = 🍒
heyy =🍑
Then check dms 📷 👀 https://t.co/Ab9I2xI4Wz","Engagement Farming:

This is a practice where a content creator makes a statement with a promise of something in return for a comment and or like with no real intention of fulfilling that promise. 

This is against the terms of services of X. 

x.com/elonmusk/statu…

t.co/XlUqBw05oI",en,1876265070667137024.jpeg
1887143010296647728,"USAID has been pouring hundreds of millions into Canadian universities which is funding the woke indoctrination of our youth.

This has to end, @elonmusk . https://t.co/QFkXHQ9g7l","These amounts are simply the totals of IRS form 990 filings for Canadian Universities disclosing total revenue from ALL sources - not USAID or other US grants.

These filings are required as Canadian universities are often registered as 501(c)(3) entities.

See filings at:
projects.propublica.org/nonprofits/org…",en,1887143004965605376.jpeg
1903068202369798360,Pregnancy hack https://t.co/yaRs5KNcYJ,"No, the shape or position of a pregnant belly cannot reliably determine the sex of the baby will be male or female, or even if the pregnancy will result in twins, as these are myths with no scientific basis.

healthcare.utah.edu/the-scope/heal…",en,1903068188138487808.jpeg
1917477622562578596,This will not end well https://t.co/ZkssDO4QOP,"In case anyone might mistake that this is a real cover, it is not. It's satirical, making a play on current events. 

time.com/vault/year/202…",en,1917477617722437632.jpeg
1906630081172152543,"New type of scam,

If you see Cloudflare’s “verify you’re human” button, don’t click it.

Clicking it automatically downloads a file that will drain your wallets. https://t.co/XtGz5iIONQ","You will NOT get drained upon completing the ""tick box"" CAPTCHA.

After downloading, you woukd have to install the file as a 2nd step and thats when you get drained.

You can mitigate this issue by disabling auto-downloads on google chrome.

x.com/i/grok/share/P…",en,1906630074754863104.jpeg
1933115023049601496,"🚨🇹🇷 EXCL: Turkish talent and U21 international Emirhan Demircan leaves Bayern to join FC Utrecht as a free agent.

Contract until 2028, medical done. 🇳🇱

Top scorer FC Bayern II, he turned down offers from Besiktas, Glasgow Rangers and Hoffenheim to join Utrecht. https://t.co/nD8xCfDIMn","He was not FC Bayern II topscorer. He had 5 goals and 6 assist, while Asp Jensen for example had 5 goals and 11 assists.
Wagner (7), Kern (7), Unsöld (6) and Denk (6) all scored more goals than Demircan as well.

transfermarkt.de/fc-bayern-munc…",en,1933115009535459328.jpeg
1921044220292264215,Rockstar confirms Drake will have his own radio station featured on GTA VI https://t.co/frX1GMjHFz,"Rockstar Games have not officially made any announcements that Drake will have his own radio station in GTA VI

twitter.com/RockstarGames",en,1921044216467075072.jpeg
1919001637785416191,Pakistan is closely monitoring Indian military assets via LEO sats. This satellite image shows Rafale jets at an undisclosed IAF base. Surveillance and readiness go hand in hand. https://t.co/xKvufkml64,"This image appears to be artifically generated, as the Rafales are missing their refueling boom.

en.wikipedia.org/wiki/Dassault_…",en,1919001621436276737.jpeg
1897785001048990017,Why would someone change their name three times? https://t.co/8IJeIPnSXx,"JD Vance lived in a working class neighborhood in Middletown, OH; a Rust Belt town near Dayton, OH. He changed his last name to Vance in honor of his grandparents. Although poor, he attended Yale for free under the GI Bill (scholarship for military veterans)

britannica.com/biography/J-D-…
britannica.com/place/Middleto…
",en,1897784996879908864.jpeg
1876182120374390966,"Five Reform MPs. Same as the Independents (including Corbyn). But mainstream media gives Reform endless coverage, yet completely ignores the Independents. I wonder why? https://t.co/hkYhGzv8CL","To provide context.

Reform obtained about 4.12 million votes at the last General Election.

The combined votes for the candidates pictured was about 0.05 million.

It is fairly common for media coverage to be determined by the popularity of parties.

en.m.wikipedia.org/wiki/Results_o…",en,1876182115617808384.jpeg
1895177656628584471,Toriyama named his son Sasuke after watching Naruto ❤️🐐 https://t.co/oQlq3Cq95X,"Sasuke Toriyama was born in 1987, 12 years before the release of Naruto.

g.co/kgs/1YM32HL
en.wikipedia.org/wiki/Naruto",en,1895177645685415936.jpeg
1888373152721588248,"...and USGS downgrades the earthquake to 6.7?????

what? https://t.co/L3hYxigZek","Changes in the reported magnitude of earthquakes shortly after they occur are common and expected. First estimates are automated based on limited initial data, later ones are improved with additional data and human review.

Procedure information:
usgs.gov/faqs/whywhen-d…
usgs.gov/faqs/why-do-so…

Earthquake information:
earthquake.usgs.gov/earthquakes/ev…",en,1888373140184817664.jpeg
1911090771228344467,"The last few years Google Maps lets business owners delete reviews

This means you can't trust any ratings on Google Maps anymore

Everything is a 4.7 now

I'm building Hotel List to fix that for hotels first, no fake reviews and ratings, no pay-to-play bullshit

It normalizes https://t.co/Z0LzJKDLzf","Business owners cannot “delete” Google reviews. They can report reviews they believe to violate Google’s policies (e.g., fake reviews), but Google has the final say as to whether a reported review gets removed. support.google.com/business/answe…",en,1911090614638104576.jpeg
1894053118410977556,"🇺🇸🇳🇱 The Netherlands procuring Tomahawk is a prime example of a capability that is not on offer from any European vendor, and wouldn't be for many years, if ever. ~1000km range cruise missiles are an essential capability for European militaries to have. The Russians can't be https://t.co/8yRKDp49Qa","Actually MBDA does produces long range cruise missiles (MdCN - Missile de Croisière Naval).

challenges.fr/entreprise/def…

It is currently in active service with the French Navy

defense.gouv.fr/dga/missile-cr…",en,1894052280371982336.jpeg
1931412079585436026,@VictoryAbraham3 @Shark_Leon732_ @taesoothe @maryon4croxx if they do not sent tickets then they should https://t.co/yQ2XNaaNec,"For context, in case op hides the replies correcting them:

First picture is from Coldplay concert at nilton santos, not Stray Kids
jogada10.com.br/time-do-botafo…

Op believes that a concert with 55k in attendance is a drag of some sort

x.com/kbgmedia/statu…
x.com/somosaopaulino…
x.com/TheePopCore/st…



",en,1931412071024914432.jpeg
1884218684375494989,https://t.co/ycp5iqOZXk,"Please note that according to our Constitution President has a pretty ceremonial role. We should not further encourage this savior complex. 

paragraf.rs/propisi/ustav_… ",en,1884218622333083649.jpeg
1937847161028260263,"Zohram mamdani who is an indian muslim elected as a New York mayor proudly flaunting  Indian flag on his Instagram and other social media platform.

People like Ramaswamy who runs away from their Indian heritage are considered a hero of the Sanghis and Mamdani would be a villain https://t.co/nUAvtHE68c","Zohran Mamdani has not been elected as the Mayor of NYC. He has won the Democratic party's primary and will be the party's candidate for the mayoral election, scheduled to occur on November 4, 2025

bbc.com/news/articles/…",en,1937847014542245888.jpeg
1881630700069404869,"Doesn’t seem like he used his theater very much. If I was president, they’d be like “he watched UNFORGIVEN or HEAT every other Tuesday for 4 years.” https://t.co/AURCTV3qLV","Ben has clarified that the list is fake and that he should have been more suspicious given the quality of the films listed.

x.com/bendreyfuss/st…",en,1881630693224329216.jpeg
1888212937892131184,Renegotiating trade agreements could not have come at a better time for America. https://t.co/6prAPMZyNa,"This is not a Thomas Sowell Quote, and it does not represent Sowell’s views on trade. 
 x.com/pat_hedger/sta…",en,1888076125865426944.jpeg
1916505030074437707,"Happy ""no one is above the law"" Sunday. https://t.co/XwOtKfxcHf","The photo shown of Judge Hannah Dugan is AI generated. She currently does not have a mugshot publicly available.
nytimes.com/2025/04/26/us/… ",en,1916504802801913856.jpeg
1891136129497252051,"an intern just pushed this code to prod on friday

the kicker?

we don’t use Java at our company 💀 https://t.co/DMRBzCBzA4","The image posted was taken from a Reddit post from 2016.

reddit.com/r/ProgrammerHu…",en,1891136124757700608.jpeg
1890345214998413708,"🚨#BREAKING: US Vice President JD Vance warned Putin that if he does not accept a deal, the US will take ""military actions"" towards Russia and deploy troops to Ukraine. https://t.co/rzOClvCnjP","“There are economic tools of leverage, there are of course military tools of leverage,” Vance was quoted as saying. “I think there is a deal that is going to come out of this that’s going to shock a lot of people.”  

The headline is misleading.

reuters.com/world/europe/k…",en,1890345209646505985.jpeg
1904847095900610741,Yemeni Houthis Targeted American  USS Harry S. Truman (CVN-75) in Red Sea https://t.co/WCMVoBdX30,"The image is from a scene from the 2002 film ""The Sum of All Fears,"" depicting a fictional attack on a U.S. aircraft carrier, not a real event involving the Yemeni Navy and American ships in the Red Sea
youtu.be/rY7v21Zy1yE",en,1904847091655995392.jpeg
1884288499165323639,Cancer was unheard of until the implementation of vaccination. https://t.co/4a46mVoF8Y,False.  Historical records of cancer date back to ancient Egypt. amp.cancer.org/cancer/underst…,en,1884288494777802752.jpeg
1925411238424588303,"MrBeast is now the only billionaire under 30 to not have inherited his wealth

via CNW https://t.co/p3yZeQnxJK","Alexandr Wang, 28, CEO of Scale AI, is a Self made billionaire. 

en.m.wikipedia.org/wiki/Alexandr_…",en,1925411234246971392.jpeg
1933590328017121748,We've arrived. https://t.co/Sld6HD8iKF,"It is important to note (especially if it escalates further) that the quoted account is not an official Iranian account, as popular accounts and many others in the replies seem to believe. 

x.com/iriran_military",en,1933590325726953472.jpeg
1884391132429259090,@BlackKnight10k Looka here! https://t.co/Wye6AvrMq0," This is an edited image. The original is from 2018 and doesn’t have a ‘Latinos for Trump’ shirt or ‘ICE’ on the police uniform. 

snopes.com/fact-check/ice…",en,1884391129279291392.jpeg
1909119025642172833,Emma Frost lord icon - Diamond form | #MarvelRivals https://t.co/FQu4WxG08d,"Emma Frost does not have a Diamond Lord icon in Marvel Rivals. This is a fan-concept, originally created by LunesLinettiSpagheti on Reddit.

reddit.com/r/marvelrivals…",en,1909118968532504576.jpeg
1891900944310280213,"🐐 Fernando Alonso, en AS: ""Adrian Newey nos va a aportar más que Hamilton a Ferrari""

BEEEEEE

#F1 https://t.co/2OWGhqguoN","Clickbait. La frase está construida... Alonso no lo dice así.

""Adrian Newey siempre tendrá más impacto que ningún piloto.""

""No sé lo que va a aportar o añadir Hamilton a Ferrari, seguramente será menos de lo que puede aportar un diseñador""

as.com/motor/formula_…",es,1891900611060199424.jpeg
1878577895951704331,foto más iconica que esta y desactivo https://t.co/jVtcZp8HmY,"La imagen está alterada, la persona de la foto no es Billie Eilish.
La foto real es images.app.goo.gl/zxeYMk1f2a5n6i…",es,1878577888720568321.jpeg
1880423197046370679,"""Paredes"" 

Porque una inmobiliaria de Canning subió fotos junto a él https://t.co/6GTM95DjZr","La foto fue publicada el 10 de julio de 2024.



instagram.com/p/C9PotfAOqzT/…",es,1880423189236396033.jpeg
1898392836266959004,"🚨Ricardo Kaká:

""Ganar un Mundial no cambia nada. Soy campeón del mundo y no soy el mejor de la historia. Messi es un genio, una leyenda del fútbol, pero el mejor y más completo de la historia es Cristiano Ronaldo"" https://t.co/qoeNWirTGl","Kaká en ningún momento ha declarado eso, de hecho en una nota confirma que prefiere a Messi.

marca.com/futbol/barcelo…",es,1898392569702215680.jpeg
1930717877163687966,Elon Musk le acaba de suspender la cuenta de X a Trump. 😂😂😂 https://t.co/iogjRs8I0W,"Las cuentas personal y presidencial de Donal J Trump no han sido dadas de baja ni suspendidas por la plataforma X o Elon Musk

x.com/potus?s=21&t=Y…

x.com/realdonaldtrum…",es,1930717875158777856.jpeg
1887647952937550289,100 años en primera división. Muchos no pueden decir lo mismo 🤟🏽😎 https://t.co/05egXUVM28,"El primer campeonato nacional Chileno data de 1933, por lo que es imposible declarar ""100 años en primera division"".

memoriachilena.gob.cl/602/w3-article…",es,1887647945333342208.jpeg
1875276624557748308,Aquí vamos de nuevo? 🐺 https://t.co/WjIMJ9SjDF,"El metapneumovirus humano (HMPV) ha estado presente en la población mundial desde principios del siglo XXI. El aumento de casos en 2024 fue lo que generó alarma en China. De acuerdo con autoridades en India que monitorean el brote, no hay motivos de alarma por el momento.

ecuavisa.com/mundo/metapneu…

larepublica.pe/ciencia/2025/0…",es,1875276562582454272.jpeg
1878153553165877681,"Oficialmente tenemos nuevo colista de primera división. El Valencia este año a segunda.

✌️✌️✌️✌️✌️✌️ https://t.co/UlRt0iGwVR","Esta publicación contiene un anuncio de Stake, lo cual va en contra de las políticas de X.


business.x.com/es/help/ads-po…",es,1878153547260321792.jpeg
1924424552278311109,"Vinicius 2023/24

⚽️48g/a
🏆Champions League (gol en la final)
🏆Liga

“El fútbol está muerto si gana el BDO”

Lamine Yamal 2024/25

⚽️41g/a
🏆Copa del Rey
🏆Liga

“Revivirá el fútbol si gana el BDO” https://t.co/Y0ebdPamfv","Estas estadísticas son completamente falsas, y promueven una desinformación típica de este usuario de X.

Vinicius en la temporada mencionada: 25G 12A = 37 G/A

Lamine en esta temporada (por ahora): 18G 25A = 43 G/A

transfermarkt.co/lamine-yamal/l…

transfermarkt.co/vinicius-junio…

transfermarkt.co/vergleich/spie…",es,1924424537505931264.jpeg
1897689689873678712,"Chismecito:
El PC no proclama a Jeannette Jara, entre otras razones, por diferencias profundas en materia de DD.HH.
La ministra plantea que en Vzla. hay dictadura, al igual que Nicaragua y pide respaldar su postura. De no haber acuerdo, podría ir como candidata independiente. 👀 https://t.co/9owmodEzwi","La ministra Jara se encuentra fuera del plazo legal para una candidatura independiente.

La ley N°18.700 prohibe candidaturas independientes de personas que militaron en un partido, dentro de los 9 meses anteriores al vencimiento del plazo de postulación. 

bcn.cl/leychile/naveg…",es,1897689684332920832.jpeg
1901005744507338836,"Maravilla Martínez: 6 meses preso por error

Luciano Cabral: 5 años preso por VIOLÍN.

No somos lo mismo. https://t.co/JpWV31dd8p","Luciano Cabral estuvo preso, pero no por violación. 
Estuvo preso 5 años por haber participado en una riña callejera junto a su padre y su primo, dando como resultado el homicidio de una persona. 

infobae.com/mexico/deporte…",es,1901005741537865728.jpeg
1879354624416891278,"Nicolás Maduro: ¿agente encubierto de la CIA? 

Un veterano estadounidense que en mayo de 2020 lideró una operación militar en las costas venezolanas, acusó a la CIA y al FBI de informar a Maduro sobre el operativo que buscaba removerlo del poder. 

Abro hilo. 🧵 https://t.co/vIbCRO8ugP","Jordan Goudreau está libre y publica regularmente contenido en su Instagram

instagram.com/jordanggoudrea…

La operación Gedeon fue infiltrada por el Régimen Venezolano desde 2019 por intermedio del Mayor General Cliver Alcalá Cordones,sancionado por el DOJ de Estados Unidos desde 2011 por Narcotráfico.

apnews.com/general-news-f… ",es,1879341809022676992.jpeg
1878823065909354653,"🫏 En España el asno cuenta con seis razas autóctonas oficialmente reconocidas: andaluza, balear, castellano-leonesa, catalana, majorera y de las Encartaciones, una raza específica de la comarca del País Vasco del mismo nombre.

#SaberYGanar https://t.co/NizbGX2fth","El burro castellano-leonés, al igual que el gentilicio, no existen. La raza asnal que aparece en la foto es la Zamorano/Leonesa. La 2 de TVE está desinformando con sesgo la información a sabiendas de que es falsa. mapa.gob.es/es/ganaderia/t…",es,1877042204293681152.jpeg
1905725209031901203,"""...si serías..."" 🤦🏽‍♂️ https://t.co/cEosLSIzPU","Nik nunca posteó esa imagen con esa frase, la imagen está editada.

Aquí el post ‘original’:
x.com/nikgaturro/sta…",es,1905725196834906112.jpeg
1916595967781933368,"🚨PAPA 2025: Parolin e Tagle aparecem empatados; Sarah dispara e alcança dois dígitos, aponta Cover

🇻🇦 CONCLAVE | CARDEAIS MAIS COTADOS 
🇮🇹 Pietro Parolin 31% (moderado)
🇵🇭 Luis Tagle 31% (progressista)
🇬🇳 Robert Sarah 15% (conservador) 
🇭🇺 Péter Erdő 9% (conservador) https://t.co/EsYGsVKkH7","❌ NÃO CONFIÁVEL

Os números apresentados não podem ser validados por institutos de pesquisa.
O Conclave, marcado para 07/05, ainda NÃO COMEÇOU. Além de ser um processo estritamente confidencial.

As porcentagens citadas foram retiradas de um SITE DE APOSTAS, PolyMarket.

g1.globo.com/mundo/noticia/…

noticias.uol.com.br/internacional/…

polymarket.com/event/who-will…",es,1916595708188057600.jpeg
1933324602479894555,"No nos crean tan pendejos, 3 cirugías craneales y al precandidato, no le rasuran el cabello. ¿Que puede pensar uno?. https://t.co/GiO3xASSGX","La imagen fue extraida de un video de una clinica de Brasil, no es Miguel Uribe.

Este video es mencionado en esta lista de noticias falsas del precandidato
lasillavacia.com/detector-de-me…",es,1933324597526462464.jpeg
1912250308937347222,La.doble Vara https://t.co/PjmmMaPv4f,"Información engañosa o falsa.
La actas de las recientes Elecciones Generales 2025 en Ecuador se encuentran presentadas y son posibles de ser revisadas dentro del sistema de recuento del CNE de Ecuador.
resultados2025.cne.gob.ec",es,1912250303551787008.jpeg
1907121665198227928,https://t.co/DZSTIfYXHD,"Hedy Lamarr no inventó el Wi-Fi, pero desarrolló el salto de frecuencia (FHSS) en la Segunda Guerra Mundial. Su tecnología sentó las bases de las telecomunicaciones modernas, como el Wi-Fi y Bluetooth, al permitir señales más seguras y resistentes a interferencias. 

decisiontele.com/es/news/hedy-l…
queinventor.info/inventores/hed…
web.archive.org/web/2011123010…",es,1907121660190220288.jpeg
1922395178888749454,"#ULTIMAHORA 
🚨 SE FILTRA IMAGEN DE LA MAMÁ SICARIA con #LadyChanel alias @lumendoz EN UNA FORD RAPTOR DE MÁS DE 2 MDP

¿De dónde sacará Ceci Flores y su cómplice chayotera tanto dinero para darse ese tipo de lujos?... https://t.co/1WlGCfoaec","La misma Ceci Flores explica que el Gobernador Durazo, les proporcionó ese vehículo debido a que, cruzar el desierto buscando personas desaparecidas, es complicado.

x.com/CeciPatriciaF/…
",es,1922395172555427840.jpeg
1922446307064418350,"Queman en redes a Ceci flores líder de las madres buscadoras por manejar una camioneta raptor de más de 2 millones de pesos🚨

Usted que opina? https://t.co/0yctTnS1Ky","La camioneta mencionada fue facilitada a la líder de las madres buscadoras por parte de el Gobernador de Sonora Alfonso Durazo. 
Ceci Flores aclaró el tema en un tweet reciente.

x.com/CeciPatriciaF/…",es,1922446296721317888.jpeg
1877473024191996144,Si me decís un central español mejor que ASENCIO actualmente me desactivo la cuenta para siempre. https://t.co/xvBBZGamMQ,"Esta publicación contiene un anuncio de Stake, lo cual va en contra de las políticas de X.


business.x.com/es/help/ads-po…
",es,1877473019095846912.jpeg
1891935396755362043,"“Marvel Rivals”:
Porque Thaddeus Sasser, director del juego, informó que él y su equipo fueron despedidos. https://t.co/EHkBJGqyYv","Contexto: El director y su equipo eran de la base estadounidense de la empresa NetEase Games ubicado en Seattle el cual fue cerrado por esta empresa. NetEase Games y su equipo de desarrollo son originarios de China.
es.m.wikipedia.org/wiki/NetEase
es.m.wikipedia.org/wiki/Marvel_Ri…
es-us.finanzas.yahoo.com/noticias/marve…",es,1891935393676763136.jpeg
1883967871606481052,"Nunca fue por tu bien. Te engañaron, y te lo avisamos 😉 https://t.co/7NorOoceHA","El post omite intencionalmente la proporción que es bastante menor. Los no vacunados son el 15% de los españoles con 5,5 millones y los vacunados, el 85% con 7,5. Si los no vacunados hubiesen sido el mismo número que los vacunados en proporción habría sido más de 31 millones. google.com/amp/s/www.lara…",es,1883967589249871872.jpeg
1929103126151250351,"🔐 Un seguro llamado 𝐋𝐮𝐢𝐬 𝐄𝐧𝐫𝐢𝐪𝐮𝐞

✅ El asturiano ha ganado todas las finales que ha disputado como entrenador de clubes: 11/11

⁉️ ¿En qué lugar le sitúas en el ranking de mejores entrenadores del siglo? https://t.co/OJYKGrtRAc","Falso. 
En la temporada 2015/2016, Luis Enrique como entrenador del FC Barcelona, perdió una final de Supercopa de España contra el Athletic Club de Bilbao, por lo que serían 11 títulos de 12, no 11/11 finales.

es.m.wikipedia.org/wiki/Supercopa…",es,1929102123561635841.jpeg
1883730041642848636,"SUPERADO EL IMPASSE y a Estados Unidos le tocó recular: Colombia recibirá a los deportados y Estados Unidos los enviará en condiciones DIGNAS respetando los tratados y protocolos en Derechos Humanos.

Este día será recordado en la historia como el día de la dignidad colombiana. https://t.co/h4gHbVuotp","El post al igual que el comunicado de la cancillería omite que el gobierno colombiano fue el que aceptó los términos de negociación que propuso Estados Unidos, por lo que el gobierno que reculó fue realmente el de Colombia.
twitter.com/PressSec/statu…
",es,1883730030053691392.jpeg
1899465342662975727,"Continúa a la baja la reducción de la tendencia homicida en México. 

Febrero 2025 fue el febrero menos violento desde hace siete años. https://t.co/mfaitduoCu","En realidad la tendencia está reduciendose porque se ha re clasificado dicho índice, lo cual no quiere decir que en realidad esten bajando.

elfinanciero.com.mx/nacional/2024/…",es,1899465336967118849.jpeg
1902792879199723689,"🇩🇪 - 🇦🇷 | Último Momento

Según documentos desclasificados por la administración Trump, se reveló que el Führer Adolf Hitler habría estado viviendo en Argentina desde 1955.

Este dato confirma las teorías sobre su escape tras la Segunda Guerra Mundial con ayuda del Peronismo! https://t.co/g9UhH4iop7","En agosto de 2018 un estudio francés revisado por pares europeos demostró que la mandibula conservada en Moscú pertenecía a Adolf Hitler. Confirmando que está muerto y lo ha estado desde que se suicidó en su búnker en abril de 1945.

independent.co.uk/news/world/eur…

sciencedirect.com/science/articl…",es,1902791646846078976.jpeg
1884947143594557951,"🇵🇪🇻🇪 Perú estaría pensando seguir los pasos de EEUU y no renovar los permisos PTP para venezolanos.
La cancelación de las ayudas económicas emitidas por USAID para financiar la salud, educación, y ayudas a inmigrantes sería la causa.
2 millones de venezolanos serían deportados. https://t.co/HlSliNwHya","El PTP fue desactivado en el 2019 dando paso al CPP.

actualmente no existe ninguna información oficial que avale ésta nota.

gob.pe/634-sacar-perm…

gob.pe/institucion/mi…",es,1884947141203775488.jpeg
1924998881995014392,"""Tenencia""

Porque el Gobierno lanza “Tenencia Express” y desde hoy se podrá tramitar de forma online la autorización de tenencia de armas de fuego adquiridas en armerías. https://t.co/DqK9oUHk4J","El título no aclara, que es un beneficio SOLAMENTE para los que  YA son Legítimos Usuarios . Los requisitos en la fuente: argentina.gob.ar/servicio/solic…",es,1924998877301596160.jpeg
1898714261897269471,"A EEUU NI AGUA !!

👇 https://t.co/6G9U9DcJPd","La marca Luengo tiene dos líneas de producto.

La foto muestra una de ellas, de producto más económico. 

La otra, Luengo Origen, se caracteriza por vender solo producto nacional. Resulta sensiblemente más cara.

legumbresluengo.com/productos/form…",es,1898714259275522048.jpeg
1878116753361780801,"Estrategia integral de #Seguridad y prisión preventiva oficiosa, con respeto a #DerechosHumanos, una fórmula que apoya la #CNDH. 

#DefendemosAlPueblo https://t.co/0qpTrTQxMS","La presunción de inocencia es un derecho que establece que toda persona se considera inocente hasta que se demuestre lo contrario. Es un pilar del Estado de Derecho y una garantía judicial fundamental.

revistas.juridicas.unam.mx/index.php/hech…",es,1878116738358800384.jpeg
1891237437885878755,"Quiero expresar TODO MI APOYO A @JMilei ante el ataque de los zurdos de mierda, —mexicanos y argentinos— quienes critican al presidente porque su community manager cometió un error de buena fe. Ahora se soban las manos convencidos de que ha llegado su esperado momento para https://t.co/4famJhSIqo","Javier Milei ha aseverado varias veces que él mismo maneja su propia cuenta de X (ex Twitter).

youtube.com/watch?v=1E0JXw…",es,1891237388363726848.jpeg
1889081082777100699,🚨 | ÚLTIMA HORA: Google Maps ha cambiado el nombre del 'Golfo de México' a 'Golfo de América'. https://t.co/bO3Shcl0W1,"La publicación está incompleta, ya que ""Golfo De América"" solo es visible para usuarios de Maps en EEUU, en México aparece como Golfo de México y en el resto de países es visible ambas descripciones.
google.com/amp/s/www.info…",es,1889081080428326912.jpeg
1889886584717320371,¿Te quieres sentir viejo? Sam de iCarly ya tiene 40 años. Ya estamos viejos. Ya es hora de madurar.💀 https://t.co/A45h8t65vf,"La actriz Jennette McCurdy no tiene 40 años. La foto se debe a que su libro lleva 40 semanas en la lista de los más vendidos del New York Times. 

instagram.com/p/CsjcPanOpYI/…
es.wikipedia.org/wiki/Jennette_…",es,1889886582229827584.jpeg
1887581019005444505,"🗣️José Mourinho: ""Los tres mejores jugadores de la historia del fútbol son: Messi, Pelé y Maradona .” https://t.co/Gm0WkfTkUk","Esta publicación contiene un anuncio no revelado de la empresa de apuestas ""Stake"", que no está permitido según las pautas publicitarias de X.

help.x.com/en/rules-and-p…",es,1887581014119047168.jpeg
1882780562093748662,Quién es este cobarde que se cree el dueño del carril de las ciclorutas de la 9na con 127 y que va acosando e increpando a mujeres que van trotando solas por este carril hecho para hacer deporte? Por favor ayuda para identificarlo🙏🏼🙏🏼 https://t.co/ZWCVn78c5o,"La Alcaldía de Bogotá establece que las ciclorrutas son para «el tránsito de bicicletas en forma exclusiva», como lo afirma el individuo que aparece en el video. movilidadbogota.gov.co/web/sites/defa…",es,1882780483584487424.jpeg
1891946970660405337,Como madridistas: ¿Cuál os da más asco? https://t.co/EbwuaPUD3b,"La publicación incluye publicidad sobre sitios de apuestas, lo cual infringe de manera directa las normas comunitarias de X.

business.x.com/es/help/ads-po….",es,1891946962808664064.jpeg
1923062440008233461,"¿Error o acto deliberado? A sabiendas que la fotografía difundida por @DHSgov no correspondía a un operativo contra narcolaboratorios en México, @LaJornada publica la foto agregando falsedades: agentes del ICE-HSI de EU no participaron ni viajaron en vehículos de @Defensamx1. https://t.co/SBU2YFVI2Y",La foto fue publicada por parte del gobierno de Estados Unidos como se puede ver en este post retuitado por la Embajada de EU x.com/USEmbassyMEX/s…,es,1923062432420810752.jpeg
1874762155909947623,"El socio y abonado del Real Madrid, presidente de La Liga y vicepresidente de la RFEF, permitió a Bartomeu arruinar al club.

A Laporta no deja salvarlo. https://t.co/vDHOcIOTD3","Falso. La Liga no permitió nada fuera de la legalidad. 

El Barça se arruinó por una mala gestión y una renovación multimillonaria a Leo Messi por más de 555 mill. de €.  De hecho, Jota Jordi pidió públicamente a Laporta que endeudase más al club por dicha renovación.

elmundo.es/deportes/futbo…
x.com/alvaro_varito/…
",es,1874762150708756480.jpeg
1877028116222099701,"“Gucci”:
Porque el gigante de la moda a nivel mundial abrirá sus puertas en la Argentina https://t.co/wuZyEtrDr1","Si bien es verdad que Gucci se registró ante el Instituto Nacional de la Propiedad Industrial (INPI), esto no implica la apertura de tiendas ni la llegada de la empresa a Argentina.

Una situación similar se dió en 2023 con la cadena de muebles IKEA, que nunca llegó al país.

lanacion.com.ar/economia/tras-…",es,1877028110496899072.jpeg
1879240658000732587,"Un ciudadano de Puerto Escondido, Oaxaca se pone de rodillas suplicando medicamentos, insumos y atención en un Hospital de la costa de Oaxaca.

Mientras tanto los huevones del bienestar recibirán 9 mil pesos mensuales por “aprender” a trabajar. https://t.co/INpT0vEy6N","La persona de la imagen no es un ciudadano de puerto escondido Oaxaca y este suceso no sucedio ahi.

La persona es Ismael ""May"" Rodriguez autodenominado activista (No hay informacion de el en internet, ni de porque es activista) y el lugar del suceso es en Tecoman Colima.

monitorexpresso.com/activista-pide…
",es,1879240654523400192.jpeg
1894410892298592621,"⭕️️ El gobierno de Milei sacó de Casa Rosada una bandera del Operativo Cóndor que flameó en las Malvinas.

🔙La insignia fue llevada a las islas en 1966 por un grupo de argentinos que se apoderó y desvió un avión de Aerolíneas Argentinas.

@JonHeguier 📸 https://t.co/gLhhWPb6kJ","El Vocero Oficial de la Presidencia ha confirmado que la bandera se envió a restaurar por estar en mal estado tras años de exposición. Algo común en piezas de museo, pinturas, etc. 

x.com/madorni/status… ",es,1894407586318856192.jpeg
1884740401585676772,"Con estas fotos y este mensaje, Speed despide su gira por Sudamérica.  🐐

“Thank you South America 🇵🇪🇪🇨🇨🇱🇦🇷🇺🇾🇨🇴🇬🇹🇧🇴🇧🇷🇵🇦” https://t.co/4nKxfp0PpB","Este tuit contiene un anuncio ""camuflado"" de Stake, una página de apuestas. La promoción de sitios de juegos de apuestas va en contra de las reglas de X.

business.x.com/es/help/ads-po…
",es,1884740393180200960.jpeg
1900849639009538325,"La Ley de Vivienda funciona.

➖ Precio de los alquileres.
➕ Estabilidad de los contratos. https://t.co/k25XlcDWNW","Con los propios datos del ministerio, la renta baja un 3% lo que en una renta de 1200 € supone 36€. 
Ahora para cada piso hay 330 interesados eleconomista.es/vivienda-inmob… 
Desde el anuncio de la limitación, la oferta ha huido un 30% un total de 86% en 5 años desde el inicio de legislatura. ",es,1900849626204295168.jpeg
1878736244592857463,"#ElDato 

📈 El Fondo de Reserva de la Seguridad Social ha acabado 2024 con 9.300 millones de euros. https://t.co/q9hkiU0t7G","Contexto: 
El Sistema de la Seguridad Social tiene un déficit del 0,4% del PIB en 2024, superior a las aportaciones anuales al Fondo de Reserva. 

La deuda en 2024 (116.170M€) supera al Fondo de Reserva (9.300M€). Además, cada año se transfieren >45.000M€ desde el Estado

documentos.fedea.net/pubs/eee/2023/…",es,1878706321148575744.jpeg
1891635791882768576,Primer presidente que no pone su nombre en una placa y en su vez le da el crédito a la población https://t.co/0SLYDMYxcr,"Las placas de las obras construidas durante la administración 2014-2019 tampoco llevan el nombre del presidente de ese momento, en su lugar se puede leer: “Obra construida con el esfuerzo y los impuestos del pueblo panameño.”

Algunos ejemplos:

x.com/mayogastro/sta…

x.com/diariopanama/s…

x.com/asturias081/st…

x.com/minsapma/statu…

telemetro.com/nacionales/201…",es,1891635789257224192.jpeg
1927874286980641152,mds belinda plagiando todo el arte visual de EMQ de Rosalía en su nuevo álbum de corridos 😭 https://t.co/sbdjYtDA3l,"Falso. La inspiración oficial de Belinda es en la obra de 1939 ""Las dos Fridas"", de la mexicana Frida Kahlo.

x.com/notgwendalupe/…",es,1927874282484367360.jpeg
1875557542870577409,"🇺🇸 | Elon Musk restringe las respuestas a sus publicaciones únicamente a usuarios verificados y a aquellos mencionados en la publicación.

Esto reducirá significativamente el spam y mejorará la calidad de los comentarios. https://t.co/NOA1VuuZZJ","Actualmente, se puede comentar en las publicaciones de Elon Musk, sin necesidad de estar verificado o sin estar mencionado en la publicación. Se puede comprobar en sus ultimos posts

x.com/elonmusk/statu…",es,1875557538931847168.jpeg
1875279508938617338,"🚨| ÚLTIMA HORA: 🇨🇳 China comunista se enfrenta a un nuevo brote de virus, el metaneumovirus humano (HMPV) , que se está propagando rápidamente y provocando síntomas parecidos a los de la gripe y el COVID-19. ⚠️ ¿Se viene otra estafa al estilo PLANDEMIA de 2020? https://t.co/XJmNZ3DqBP","No existe ninguna emergencia actual dentro de china por el brote de hmpv el cual es una enfermedad conocida y que afecta con frecuencia a jóvenes.


larepublica.pe/amp/ciencia/20…",es,1875279505230643200.jpeg
1911498464346747254,"Precisiones sobre la desaparición de personas en México frente al pronunciamiento del Comité de Desaparición Forzada de la ONU. 

Enlace: https://t.co/0qnArHbEGr

#DefendemosAlPueblo https://t.co/2nBAGHyWlt","Contrario a lo que afirma la CNDH, las desapariciones forzadas en México SI son responsabilidad del estado, que ha autorizado, apoyado y/o permitido que sucedan, y se ha negado a reconocer dichas desapariciones, evitando la protección de la ley.

hchr.org.mx/cajas_herramie…",es,1911498455282864128.jpeg
1879937595787882836,"Apple acaba de anunciar iOS 18.2, y es completamente increíble!

Esta actualización es ENORME, la más grande en la historia de iOS!

Aquí tienes 10 funciones revolucionarias que debes conocer.

(No te pierdas la número 6). https://t.co/Fa0rLeInjW","iOS 18.2 no acaba de ser anunciado. Incluso ya vamos por iOS 18.2.1.
iOS 18.2 se lanzó a principios de diciembre de 2024. 

support.apple.com/es-es/121161

applesfera.com/ios/adelantate…",es,1879937590918356993.jpeg
1891318022511464711,tipazo el loko https://t.co/j1aDGvF7sW,"La acusación fue realizada de forma anónima en un blog y nunca tuvo una denuncia formal en la Justicia.

lanacion.com.ar/espectaculos/j…",es,1891317988508180480.jpeg
1895628779596497026,"LA PRESIDENTA MEXICANA CLAUDIA SHEINBAUM: *TIENE LOS OVARIOS BIEN PUESTOS*. Aclaración a Trump 😎

Así que votaron para construir un muro... pues bien,  mis queridos norteamericanos, aunque ustedes no entienden mucho de geografía, ya que para ustedes América es su país y no un https://t.co/9TOi45rLAa","La información no es real. La presidente no escribió ese mensaje. 
x.com/AfpFactual/sta…",es,1895628775548649472.jpeg
1875229586096840972,"""China"":
Porque se declaró en estado de emergencia debido a una epidemia de múltiples virus (Influenza A, HMPV, COVID-19, y más) desborda hospitales y crematorios. https://t.co/nv03nTAT19","La imagen compartida es  del año 2022 y no se trata de una emergencia de COVID actual

telemundo47.com/noticias/salud…

No existe ninguna emergencia actual dentro de china por el brote de hmpv el cual es una enfermedad conocida y que afecta con frecuencia a jóvenes.


larepublica.pe/amp/ciencia/20…",es,1875229549245427713.jpeg
1923442459465404836,"“Ubisoft”:
Porque ha presentado una importante caída en la bolsa luego del fracaso de Assassin’s Creed Shadows. https://t.co/po7LOg2F4p","Assassin's Creed Shadows no fracasó, superó las expectativas de ubisoft, el declive en la bolsa de viene dando debido a diversos factores como se puede observar en los artículos adjuntos.

3djuegos.com/juegos/assassi… 

hobbyconsolas.com/noticias/accio…",es,1923442455824711681.jpeg
1899955086412882431,"Julián Álvarez no toca el balón con las dos piernas, es el robo del siglo. https://t.co/grzlvlKpns","Una imagen estática no permite ver el contacto, pero hay tomas en vídeo donde sí se aprecia: 
as.com/futbol/champio…
marca.com/futbol/champio…
",es,1899955082457714688.jpeg
1893105450817638792,"🇺🇸🇻🇪 URGENTE🚨 | Trump firma orden ejecutiva contra funcionarios del Gobierno de Venezuela:
1) Suspende entrada a EEUU a miembros del Gobierno de Maduro.
2) Bloquea las propiedades del Gobierno de Maduro en territorio estadounidense. No podrán venderse, cobrarse o transferirse. https://t.co/4iCXYcIiTc","El documento es de fecha agosto 2019 por lo que no es actual ni urgente.

Está cuenta se dedica a vender humo para generar interacciones.
ve.usembassy.gov/es/orden-ejecu…",es,1893105447575367682.jpeg
1918651862678380684,https://t.co/6TL44RbFw9,"Si bien algunas especies de luciérnagas se encuentran en peligro de extinción la afirmación de que “somos la ultima generación que verá luciérnagas” es sensacionalista.

nationalgeographic.es/animales/2023/…

es.m.wikipedia.org/wiki/Lampyridae?",es,1918651858022727681.jpeg
1933175265666138508,"“Tomar nota”:
Porque el único sobreviviente del avión que se estrelló en India, es un inglés que ocupaba el asiento 11A contra la ventana, adelante de la salida de emergencia, como indican la física y los estudios de seguridad https://t.co/y0s60KOUhI","El mapa de asientos del posteo corresponde a un Boeing 737, mientras que el avión estrellado de Air India era un Boeing 787, avión con configuración de asientos 3-3-3 y ampliamente mas grande, donde el asiento 11A se encuentra en la primera fila de la clase turista.


seatguru.com/airlines/Air_I…",es,1933175258531401729.jpeg
1884182046047887777,¡Cuando le das me gustą se mueve! 🤗 https://t.co/LW1q0fxqxw,La publicación es falsa y únicamente busca engañar para conseguir interacciones. repscan.com/wp-content/upl…,es,1884182043392716801.jpeg
1879799876940419182,"🚨 TERRORÍFICO 🚨

El agujero más profundo jamás cavado (1981) llegó a 12 km en Siberia.

¿El problema? Grabaron algo tan aterrador que el KGB lo ocultó.

Hoy, esas grabaciones son públicas. ¿Te atreves a escuchar? https://t.co/yvkaO7Yssh","Lo indicado en este post es una vieja leyenda urbana: 

es.wikipedia.org/wiki/Pozo_del_…

Algunas de las imágenes que ilustran los posts corresponden a la mina de diamantes de Mir, no al pozo superprofundo de Kola:

es.wikipedia.org/wiki/Mina_de_d…",es,1879799874323189760.jpeg
1891218863779377309,"Va a ser un dolor de huevos escuchar a la gente con sus pinches bolsas metálicas de papitas y dejando toda la puta basura ahí, qué nacada https://t.co/r7GZmKZ24J","La PROFECO desmintió la lista de alimentos permitidos en cines. 

gob.mx/profeco/prensa…",es,1891218856837799937.jpeg
1884152604583956768,"Presidenta espuriA Claudia Sheinbaum Pardo, brincos dieras para que la Operación “Misiles del Bienestar” del gobierno de Donald Trump no se hubiera hecho pública, pero Latinus ya la publicó.
Andrés Manuel López Obrador, Rubén Rocha Moya, El Mayo Zambada y todo México disfruten👌 https://t.co/RG0pUsUymo",El texto es una ficción escrita por Enrique Pons y que fue eliminada del portal de Latinus. El autor del tuit quiere hacer pasar como reportaje algo que es ficticio y que incluso fue eliminado del sitio original. x.com/enrique_pons/s… ,es,1884152596711317504.jpeg
1912578537212756081,fotitos with mi bb https://t.co/LAmS8Vf64R,"Los collares de adiestramiento para perros no son legales en España desde la entrada en vigor de la Ley de Bienestar Animal. 

El uso de estos collares puede causar lesiones físicas, dolor y estrés emocional en los perros. 



publico.es/sociedad/ley-b…",es,1912578527901163520.jpeg
1930766228768903301,MILEI ELIMINÓ SU FOTO CON TRUMP JAJAJJAJAJAJAJAJAJAJA 💀 https://t.co/mp8QdQP4Sl,"Es falso que el presidente Javier Milei haya eliminado una fotografía con Trump.

x.com/JMilei/status/…",es,1930766223542751232.jpeg
1877515188645118369,"""si no estudias ni trabajas y tienes entre 18 y 29 años de edad"" 

Bótate a la v**** y ponte a hacer algo de tu vida en vez de estar estirando la mano al gobierno por 8,840 pesos https://t.co/XRz8kMKEeA","El programa es creado para vincular a jóvenes a empresas, las empresas ganan un becario sin tener que pagar sueldo y estás deciden al final del programa si quieren contratar al joven. 

No es un programa que sea para pagar a jóvenes sin hacer nada. 
gob.mx/stps/articulos…",es,1877515186673696768.jpeg
1930104748444622907,https://t.co/bqE4bwPShp,"La afirmación es incorrecta. Una molécula de agua contiene solo 2 átomos de hidrógeno. En cambio, el sistema solar —especialmente el Sol— contiene cantidades enormes de hidrógeno, que es el elemento más abundante.

Más información:
solarsystem.nasa.gov/solar-system/s…
pubchem.ncbi.nlm.nih.gov/compound/Water

",es,1930104744007143424.jpeg
1884712422025392470,"Desde el @ppopular rechazamos la okupación, la apología del delito y que se castigue a los propietarios. 

Sin embargo, nuestra propuesta para desalojar okupas en 24 horas está bloqueada en el Congreso por culpa del sanchismo. https://t.co/yOY0jLddD0","El PP votará a favor del decreto Ómnibus que incluye la paralización de los desahucios a inquilinos morosos por situación de ""vulnerabilidad"". Por lo que los propietarios permanecerán con su inmueble usurpado hasta que se ponga fin a esa condición. 


elconfidencial.com/espana/2025-01…",es,1884712415197118464.jpeg
1915775303797928429,"En la escuela de Derecho de la Universidad de Chile el diputado Gonzalo Winter @gonzalowinter  conoció a diversas figuras del FA, perdió una elección para suceder al Presidente Boric en el centro de alumnos y entregó una tesis que, hasta hoy, sigue sin ser encontrada. https://t.co/jcY3ifnym2","La tesis está publicada en el sitio web de la Universidad de Chile
repositorio.uchile.cl/handle/2250/20…",es,1915770110465216512.jpeg
1886765814180712927,¡Primeros pósters individuales de 'THE FANTASTIC FOUR: FIRST STEPS'! [1/2] https://t.co/lIcMxXWzEU,"Si bien, BossLogic ha trabajado para Marvel Studios en el pasado, estos posters los hizo para el mismo y son considerandos como ""Fan Content"" (No se hace mención a Marvel Studios ni ellos a El)

x.com/Bosslogic/stat…",es,1886765773319729152.jpeg
1881065593518075925,#DATO la china suarez gasto 7 millones de tarjeta en noviembre 👁️ https://t.co/KKmoMObI2A,"Está captura de pantalla pertenece a un informe resumido de la central de deudores del BCRA, en el cual se presentan las deudas totales por entidad no solo del mes en curso. 

Si quieres saber tu información crediticia total puede revisar en el siguiente link bcra.gob.ar/BCRAyVos/Situa…",es,1881065586081345536.jpeg
1925223435837329778,"Se canceló la serie de El Pingüino. En breve anuncian la cancelación de The Batman 2. Ya saben a quien agradecerle. DC está en proceso de implosión, no de reconstrucción como nos hacen creer, pero yo soy un conspiranoico no me hagan caso, sigan tratándome de loco. https://t.co/mvx40ZS0T2","El Pingüino no se confirmó segunda temporada y James Gunn confirmó que habrá noticias alentadoras de The Batman 2

x.com/TheBatmanSagaN…",es,1925223145436258308.jpeg
1877785122830680557,"Ejecutado en público un alcalde sirio leal al régimen de Al Assad. 

Era conocido por “elaborar informes de seguridad falsos que llevaron a muchos jóvenes a ser encarcelados, torturados y asesinados”según asegura el Observatorio Sirio de Derechos Humanos. 

Asegura esta ONG que https://t.co/Yp2r32vix0","Almudena omite la mostruosa ejecución yihadista donde han participado niños incluso. Escenas que son espeluznantes

x.com/03690jul/statu…

También que el OSDH lo forma una persona, afín al régimen yihadista sirio, huido a Reino Unido en 2004 por ser afín al islamismo radical (HHMM) es.wikipedia.org/wiki/Observato…
",es,1877785114714755072.jpeg
1934273718236102760,🇦🇷🇺🇸 | Pilotos argentinos se están entrenando en Arizona con Top Aces para aprender a manejar los aviones de caza F16 que adquirió el Gobierno de Milei. https://t.co/yyMTkPoQnn,"Están entrenando técnicos en mantenimientos de aviones no pilotos. Una diferencia muy grande de lo que dice la nota. 

facebook.com/share/1DbTznFa…",es,1934273715635646464.jpeg
1875709510448509112,"“Dictadura”:
Porque Villarruel quiso tratar de dictadura al gobierno de Milei y no la salió a bancar nadie https://t.co/epfBBqjIjF","Victoria Villarruel no insinúa que el gobierno de J. Milei es una dictadura. Su respuesta se debe a que el usuario carbonealejandro menciona en su comentario original: ""me parece q a esta altura ya ni tendría que existir la cámara no han cambiado nada de lo malo de las leyes""

instagram.com/p/DEVe8SEvuLL/",es,1875709043001491456.jpeg
1893830778519171235,El mapa electoral de hoy en Alemania es un calco casi exacto del mapa de la división de las dos Alemanias que surgieron después del final de la segunda guerra mundial. https://t.co/dYj6DgxckU,"This map is the result of the European Parlament election in 2024. 

osthessen-news.de/n11761692/euro…",es,1893830774954074112.jpeg
1886414048029237661,Una lastima que se esté prendiendo fuego toda la Patagonia y no tengamos los helicópteros hidrantes que el PELOTUDO de Milei le regaló a Zelenski https://t.co/V5e2h0hVOv,"Los helicópteros nunca fueron entregados a Ucrania y están fuera de servicio por falta de repuestos

radaraustral.com/articulos/los-…",es,1886414043008659456.jpeg
1889050906227814569,"""Hacen 40"":
Por comentarios sobre las altas temperaturas en distintos lugares del país https://t.co/cOQ9iwgTf5","La publicación contiene publicidad visual subliminal, rompiendo las normas de uso de la red social.

help.x.com/en/rules-and-p…",es,1889050899579797504.jpeg
1883603284277301544,Para cuando el cierre de bases militares de los EE.UU en Colombia? https://t.co/ZOMgQSg8Hh,"Estados Unidos no posee bases militares propias en Colombia. Sin embargo, en 2009, ambos países firmaron un acuerdo que permitía a las fuerzas estadounidenses el acceso a siete bases colombianas para operaciones conjuntas en áreas como la lucha contra el narcotráfico.
 soaw.org/colombia-bases…",es,1883603278916653056.jpeg
1886136175804440760,"Belgium's Zizou Bergs wins his singles match against Chile's Cristian Garin, who didn't return to court after an accidental collision at the change of ends.

A collision between the two players stopped the match, as Garin received medical attention. 

Play was then scheduled to https://t.co/pcW00Y35bS","No fue un choque entre ambos jugadores, Zizou Bergs agredió a Cristian Garin.

latercera.com/el-deportivo/n…",es,1886125705726943232.jpeg
1888373772786229460,"Se llama, Beatriz Biedma y es la jueza que arruinó la vida de, David Sánchez, hermano del PG Sánchez... https://t.co/how6ivgcQ9","
La persona que aparece en la fotografía no es Beatriz Biedma, se trata de María Félix Tena.

ondacero.es/emisoras/extre…",es,1888373769388859392.jpeg
1910835280879165883,"""iPhone 17""

Porque se confirman las características que tendrá el teléfono móvil que sacará a la venta Apple en septiembre. https://t.co/oRxBmpUSFh","Nada de esta información ha venido de Apple, por los que decir “confirmaron” es incorrecto. 

La información presentada viene de rumores y “filtraciones” de la industria

macrumors.com/roundup/iphone…",es,1910835002838843392.jpeg
1879163849741660545,Exclusivo DuaLipa en Chile 🇨🇱 https://t.co/Hc1WSHL6bn,"Esta foto de Dua Lipa ha sido alterada digitalmente para creer que está bebiendo una cerveza de Chile.
La foto original es esta: x.com/spinorbinmusic…",es,1879163843936489472.jpeg
1936756147865690311,"NADIE me quería… hasta que una mujer me dijo: 

""Ven, esta es tu casa’”

Mi nombre es Michael Oher y crecí en Memphis.

Esta es mi historia ⬇️ https://t.co/EVqvIRfiAM","Oher, exjugador la NFL cuya historia inspiró la película ""Un sueño posible"", demandó a la familia Tuohy, en 2023. Alega engaños para que firmara documentos de tutela en lugar de adopción y que se enriquecieron a costa de su historia sin que él recibiera beneficios económicos.
elpais.com/gente/2024-08-…",es,1936756144162160640.jpeg
1895913536611893494,"Le ha bailado el Barça, el Atleti, el Athletic, el Milán, el Lille, Las Palmas o el jodido Betis. Es insostenible tú. https://t.co/WDr9jGRSnl","Esta publicación contiene un anuncio no divulgado para Stake, un sitio de apuestas. Promocionar sitios de apuestas va en contra de los Términos de Servicio de X.

business.x.com/en/help/ads-po…",es,1895913529699426304.jpeg
1877517380672434329,"¡FUERZA CRACK! 🙏

Roberto Carlos anunció su sexto divorcio, tiene once hijos con siete mujeres

Esperemos pronto ya encuentre el amor https://t.co/pL9zaCeNuJ","Esta información es falsa y fue desmentida por el propio Roberto Carlos.

x.com/oficial_rc3/st…",es,1877517378252136449.jpeg
1891926277944123798,"A MEXICO LE PEDIMOS 15 MILLONES DE DOLARES PARA UN PARTIDO Y ACEPTARON😲 (J.Brito Presidente de River)

""Cuando los directivos de la selección mexicana se acercaron la verdad no teníamos ganas de hacer el partido con ellos ya que pensamos que no tenían el nivel suficiente para https://t.co/hdNGNuo2Vo","No hay fuentes oficiales que respalden lo que se menciona en el post.

eleconomista.com.ar/tags/jorge-pab…",es,1891926273640837120.jpeg
1917964545106104486,"🚨 ÚLTIMA HORA: Checo Pérez pilotará en Cadillac en 2026.

🇲🇽 ¡Enhorabuena, México!

[@BILD]

#F1 https://t.co/GLJNnHc68Z","Al momento de la publicación del post no hay un comunicado oficial por parte del equipo Cadillac que diga que Sergio Pérez va a ser uno de sus pilotos para la temporada 2026 de F1

cadillac.com/performance/f1…",es,1917964110693564416.jpeg
1892967266020380755,"Rodrigo De Paul: 

""En el vestuario de Argentina nadie puede hablar de Ronaldo, ni siquiera mencionarlo. El incidente más gracioso fue cuando Garnacho se unió al equipo. Le dije 'ey pibe, aquí nada de Ronaldo ni SIUUU, ¿de acuerdo?'. Me respondió 'de acuerdo' y todos comenzaron a https://t.co/YrFAoEsmdG","Rodrigo de Paul nunca dijo eso en la entrevista con Infobae.

youtu.be/uCdRT_AUt0k?si…",es,1892965005298982912.jpeg
1918082463827415313,Parejas de Disney y sus respectivas edades parte 2 https://t.co/mu2BUP2vwF,"Si bien es cierto que Pocahontas conoció a John Smith cuando tenía 11 años, la versión de Pocahontas de Disney tiene entre 18 a 19 años, esto confirmado por el supervisor de animación de la película, Glen Keane.

cbr.com/pocahontas-mos….",es,1918082456244097024.jpeg
1886770682119200797,"En México, la autoridad regulatoria (@COFEPRIS) encontró que la mayoría de los productos ""naturistas"" para el dolor contienen esteroides.
En mi consulta, no me canso de decirle a la gente que no crea en productos naturistas: están fuera de regulación.
Por desgracia, no entienden. https://t.co/Q1tlsLz4fS","Estudio no realizado por COFEPRIS, sino por el médico veracruzano Luis del Carpio Orantes, quien la llevó a cabo con recursos propios y sin fines de lucro. Importante dar los créditos correspondientes.

Encuéntralo en:
…legiodemedicosdelestadodeveracruz.com/_downloads/231…",es,1886770678080151552.jpeg
1922217788472479856,Pero qué cojones es esto https://t.co/nNietoJKpI,"La imagen está editada para tapar que la publicación es de una cuenta parodia (Fuente 1).

El fotograma de la publicación original es de una animación de una cirugía de reasignación de sexo (Fuente 2).

x.com/eXtas1stv/stat…

youtu.be/SH-j3r_Rwsw?si…
",es,1922217786253705216.jpeg
1883610071470624830,La competición entre Valencia y Atlético por ver quién es más filial del Barça: https://t.co/NPSpBgLtiy,"La publicación contiene un anuncio de una empresa de gambling y apuestas, lo que va en contra de las normas y políticas de X.

business.x.com/en/help/ads-po…",es,1883610054680510464.jpeg
1932097382491083108,La fiscal dice que no le encontraron celular alguno al sicario pero esta imagen dice todo lo contrario y que el dispositivo quedó en custodia de un miembro de la UNP... https://t.co/LA0lNyWb9H,"Es el teléfono del funcionario, aquí se ve claramente como lo saca de su propio bolsillo y lo contesta.

x.com/daniel153177/s…",es,1932097377252302848.jpeg
1912929852400746758,☠️☠️☠️☠️☠️ https://t.co/UCqHqPfS9c,"El pantallazo esta alterado digitalmente. Se puede apreciar que la imagen destacada no está alineada con su vecina, además de que las esquinas redondas no usan un radio consistente al resto de resultados a la vista.

El resultado destacado corresponde al siguiente: 
images.app.goo.gl/dkSxMtgT8Hy9dc…",es,1912929846826606592.jpeg
1888599658378711298,"RUBIO ANULÓ NEGOCIO DE BERNARDO CON LOS CHINOS

CONFIDENCIAL - SEGUNDA PARTE 

Las dos bases que China quería construir en Guatemala, se fueron al inodoro con la visita de Marco Rubio, noticia que los semilleros tratan de desvirtuar y minimizar, pero que llevará a la cárcel a https://t.co/QrJuit2XuF","Este medio desinformador, se basan en fotos del 2023 y el secretario de estado Marco Rubio nunca hablo del tema. x.com/soygeorgegt/st…",es,1888598458812006400.jpeg
1887509277050372297,Boludo Karina mandó a tapar una ventana en Casa Rosada porque a Milei le entraba mucha luz ESTÁ DEMENTE https://t.co/Mi858zZZc7,"La venta no es de una oficina, la misma da a un patio abierto, por lo que es una falsa ventana. Se tapió durante la gestión de Mauricio Macri. 
También hay registros en Google maps desde 2019.
minutouno.com/politica/la-ex…
maps.app.goo.gl/Dw6nVf4nRdnibU…",es,1887509272298151936.jpeg
1892617224554266790,"🔔¡ATENCIÓN!🔔⎮Secretario del MP y diputada de Semilla están inhabilitados como notarios

En el listado figuran algunos nombres de abogados en la política nacional. 

Los detalles⬇️

https://t.co/OckTlRWXiF https://t.co/pLXRdc6HV3","Al estar en puestos públicos la ley indica que no pueden estar habilitados como notarios. La noticia trata de tergiversar la información. 

mingob.gob.gt/mingobsites/re…",es,1892617040684371968.jpeg
1893242434777219181,"🚨 ÚLTIMA HORA: Erling Haaland se ha comprado un Safety Car de Aston Martin valorado en 420.000€

[@Corriere]

#F1 https://t.co/TqSkKjWMX2","Haaland se ha comprado el Aston Martin DBX 707 como apunta @Corriere.

corriere.it/sport/calcio/2…

No es ese el coche de Safety Car, sino el Medical Car.

La imagen usada no es el coche que se ha comprado, como se puede ver en TheSun.

thesun.co.uk/sport/33489243…",es,1893242300450361344.jpeg
1908693113171783948,Se lo garcharon a Dillom. Por kuka. https://t.co/QMvHw1XjfT,"La imagen esta editada. No aparece en las redes de Cerveza Quilmes, donde se publican los comunicados de Quilmes Rock.
x.com/Quilmes_Cerveza
instagram.com/cervezaquilmes",es,1908693111305351168.jpeg
1901340143681687945,“El dinero alcanza cuando nadie roba” @nayibbukele https://t.co/52tJPMtriM,"La foto de la imagen es de la ciudad de Salvador, capital del estado de Bahía, en Brasil; y no del país El Salvador.

tourb.com.br/salvador/lugar…",es,1901340136442384384.jpeg
1908693113171783948,Se lo garcharon a Dillom. Por kuka. https://t.co/QMvHw1XjfT,"La imagen esta editada. No aparece en las redes de Cerveza Quilmes, donde se publican los comunicados de Quilmes Rock.
x.com/Quilmes_Cerveza
instagram.com/cervezaquilmes",es,1908693111305351168.jpeg
1876101456052519285,"La cara de Karla Sofía Gascón tras perder contra Demi Moore lo dice todo 😏

#GoldenGlobes https://t.co/dkvCJyM311","Karla Sofía Gascón's audience shot was during Zoe Saldaña's speech when she won. 

youtube.com/watch?v=oRI21M…",es,1876101450373140481.jpeg
1934429106784919764,https://t.co/7CfJtxcC60,"La foto presentada en conexión con las marchas del 15/06/2025, no es reciente. Ya los influencers petristas la habían usado en publicaciones de abril de 2024 y posiblemente es anterior. x.com/melidardila/st…",es,1934429098668896256.jpeg
1934440171870486967,"El Presidente @GabrielBoric y su hija Violeta.
Felicidades Presidente. https://t.co/rw9qBHeb6s","La foto es anterior, posiblemente del primer año de gobierno del Presidente Gabriel Boric, tampoco es una guagua recién nacida, ni está en un recinto hospitalario. Su hija aún no ha nacido, ningún medio nacional ni familiar lo confirma.

publimetro.cl/noticias/2025/…",es,1934440169211297792.jpeg
1896556441328062579,"SE RUEGA MÁXIMA DIFUSIÓN !!

🚨Ha llegado la hora…

9M - NO ES NUESTRA GUERRA
12:00 congreso de los diputados (Madrid)

Ante la deriva belicista de la clase política europea en relación con la guerra de Ucrania y la toma de decisiones unilateralmente que comprometen gravemente https://t.co/9laJ2lnuPm","User @liusivaya's campaign deliberately leaves aside the responsibility of Putin and the EU to achieve peace in Ukraine. She is a well-known Russian propagandista.
reutersinstitute.politics.ox.ac.uk/es/news/bloque…
es.m.wikipedia.org/wiki/Invasi%C3…
cnnespanol.cnn.com/2025/02/24/mun…",es,1896556433631490048.jpeg
1876607307477401892,🇫🇷 | AHORA: Se siente sismo en Francia. https://t.co/78wkqQaygk,"No hay ninguna confirmación oficial de ningún tipo de terremoto en Francia en ese lapso de tiempo y tampoco sin su epicentro cerca de París.

Este hecho también ha sido desmentido por el propio autor de dicha fotografía e información.

earthquaketrack.com/fr-a8-paris/re…

earthquake.usgs.gov/earthquakes/ma…

x.com/LastQuake/stat…",es,1876607303094304768.jpeg
1933645548181205416,"Como se nota que Hamilton solo sabe ganar saliendo primero...

Sus 105 victorias son saliendo primero 104 veces 🤣🤣🤣 https://t.co/jsIuTm31dl","Es incorrecto decir que Lewis Hamilton ha ganado 104 de sus 105 carreras desde la pole. Tiene 105 victorias y 104 poles, pero solo 61 de sus victorias fueron desde la pole. 

motorsportstats.com/driver/lewis-h…

statsf1.com/en/statistique…",es,1933645545551138817.jpeg
1934758034519019687,"Angelito Di María pidiendo PERDÓN a los hinchas de Boca luego de convertir el gol.

Fotón. 🫶🇦🇷 https://t.co/bipQK2kpJh","Angel Di María afirmó que estaba saludando a su familia, que se encontraba en la grada, y que no estaba pidiendo perdón a la afición Xeneize
clarin.com/deportes/mundi…",es,1934758026658902016.jpeg
1937313263999754482,"Tiene que ser uno un verdadero un ser muy miserable, irracional, un cerdo, tener el alma demasiado podrida para salir con lo que este señor ha salido acá @MdeFrancisco12 https://t.co/1NzGnF7mXj","La imagen es falsa. Martín de Francisco ha afirmado que esa cuenta de Facebook no le pertenece, además de que la imagen publicada en el pantallazo es hecha con inteligencia artificial y no corresponde con la apariencia actual del personaje.

x.com/MdeFrancisco12… ",es,1937313257846394880.jpeg
1901373473911419222,"🇪🇸 | España | Carretera de Benalmádena, Fuengirola, Málaga:""Obligatorio conductor y pasajero"". https://t.co/JNUP4iLRlS","La señal se refiere al uso de cinturón por parte del conductor y del acompañante, y no a la obligatoriedad de viajar con un acompañante. 

dgt.es/muevete-con-se…",es,1901373471235428352.jpeg
1904993328308932984,Qué es esto? https://t.co/JVo9D38Yrf,"La historia es falsa, pertenece a una cuenta de TikTok que inventa historias polémicas para vender un suplemento

tiktok.com/@sophia.mitche…

x.com/gudaricuentab/…",es,1904993322218729472.jpeg
1875940707967635952,"Para los que nos gusta la salsa, ""Baile Inolvidable"" del nuevo disco de @sanbenito está bien buena y vean quien fue uno de los compositores. Tengo ""Fucking"" Calderón. https://t.co/TdNhlQobUU","El tuit es falso. El propio Bad Bunny lo ha desmentido:
x.com/sanbenito/stat…",es,1875940669757251584.jpeg
1874478779529334821,"Se está incendiando el Parque Nacional Nahuel Huapi y el Sistema Nacional del Manejo del Fuego queda a cargo de Bullrich.
Es decir, Patricia va a manejar las operaciones desde Disney... https://t.co/z9DwUGN1Pu","La imagen contenida en el post es antigua, es de febrero de 2024.

neuquenpost.com/sociedad/se-co…",es,1874478777322934272.jpeg
1878816884667404718,"📍 Si se confirma que un supuesto mexicano de nombre Juan Manuel Sierra Leyva fue quien aparentemente inició los incendios forestales que aquejan a California, ¡agárrense! Habrá fuerte retórica política y consecuencias de alto calibre contra México. 🇲🇽 https://t.co/fliBdyHUR3","Fue detenido por violar libertad condicional. No por provocar incendios. La policía de la zona determinó que no se le puede vincular al hecho de que él provocó el fuego. 

publimetro.com.mx/noticias/2025/…

san.com/media-miss/lap… ",es,1878816880770576385.jpeg
1888511950369218903,Pero qué cojones es esto https://t.co/6P3rGKVL1O,"En realidad se trata de un cuaderno de actividades para adultos, a modo de sátira, cuyo autor es Don Julio. En ningún caso está dirigido a niños ni se hace uso del mismo en las escuelas.

huffingtonpost.es/virales/este-l…",es,1888511947827478528.jpeg
1929326351384809783,Estamos presenciando un cambio de era. https://t.co/UiCaks60kJ,"El logo mostrado de Apple es de 1977, y los logos de IBM y HP han permanecido iguales y nunca han tenido cambios durante el Pride Month.

es.m.wikipedia.org/wiki/Historia_….
ibm.com/history/logo
1000marcas.net/hewlett-packar…",es,1929326349769953280.jpeg
1885838196107297020,"Es hora de decirle adiós al consumo de estas marcas.

Juntos saldremos adelante.
#mexicopueblounido https://t.co/iVt79BAoPW","Muchas de las marcas que aparecen en esa imagen no son estadounidenses. Adidas es alemana. Puma es alemana. Mercedes Benz es alemana. BMW es alemana. BBC es inglesa. Nokia es finlandesa. Honda es japonesa. Toyota es japonesa. Shell es neerlandesa e inglesa. 

emprendedor.com/puma-y-adidas-…
way.com/es/blog/merced…
bbc.com/mundo/lg/insti…
finland.fi/es/neegocios-a…
us.as.com/autos/reviews/…
shell.com.mx/sobre-nuestra-…

",es,1885825882318639104.jpeg
1900631066458943806,QUE??? YA NACIO EL HERMANITO DE PEPA https://t.co/37pm7lRLhS,"La imagen es un fan art. El nuevo integrante de la familia de Peppa aún no ha nacido. La cuenta oficial de la serie anunció el nacimiento para junio de este año.

instagram.com/p/DGlNOqgRulr/…",es,1900631063606525953.jpeg
1938651534004494363,"El degenerado mafioso Puff Daddy ha quedado LIBRE de TODOS los cargos a pesar de la abrumadora evidencia que lo incriminan, en dónde más de 150 personas han presentado pruebas en su contra.

El tipo es intocable y aquí te cuento porqué 🧵 https://t.co/U77L0of9Qz","El juicio todavía sigue. Hoy  viernes 27 de junio fueron las argumentos de cierre. El jurado empezará a deliberar el lunes 30 de junio.

apnews.com/article/sean-d…",es,1938651529763835904.jpeg
1831264962322247994,"לפיד בבוקר: לא לוחץ ידיים לתומכי טרור 

לפיד לילי: https://t.co/MJuxCjC4Rz","בניגוד לנטען בציוץ, אף אחד מהמצולמים לא הורשע בתמיכה בטרור מעולם.
זאת בניגוד לצייצן, אשר הורשע בעצמו בתמיכה בארגון טרור.
news.walla.co.il/item/543774
ynet.co.il/articles/0,734…",he,1831264954416017408.jpeg
1747509053876789749,"מיליונר האמירי : מאמץ לכל החיים שני ילדים ישראלים שאביהם, חייל צה""ל נהרג ברצועת עזה.. https://t.co/d5FeZkdQAO","הציוץ אינו נכון.
התמונה נלקחה בשנה שעברה עם משעל, האימרתי בתמונה, במהלך ביקורו לבית משפחה יהודית ממוצא תימני שעברה להתגורר באבו דאבי. 

twitter.com/mes_alshamsi/s…",he,1747283924798046208.jpeg
1876978742838358270,"אני שמח ונרגש על חידוש מיזם כרטיסי המזון שיזמנו עבור אלפי משפחות זכאיות, מכל המגזרים. היום הוטען תקציב של 90 מליון שקל בכרטיסי המזון, ובמהלך החודש יוטענו 210 מליון שקל נוספים.
בימים מאתגרים אלו של יוקר מחיה, זו חובתנו להקל על משפחות בישראל ולאפשר להן קיום בכבוד. https://t.co/wyVDm9Kz6t","הוא טוען שתלושי ניתנים לכל המגזרים. אבל הסטטיסטיקה מראה שהמחסנים לקבלת תלושים היטיב. עם המגזר החרדי. משפחה חרדית מקבלת כפי 3 מחילונית בממוצע. 
meida.org.il/14290",he,1876978738631499776.jpeg
1890089043884667242,מה שאני אוהב בשופטי בית המשפט העליון זה את הגיוון האנושי שישר קופץ לעין https://t.co/t6LSQ6NAA8,"בתמונה רואים 
- שנים עם כיפה ועוד אישה דתית
- עולה מבירה״מ 
- שני יוצאי עדות המזרח 
- שופט ערבי 

מגוון מרשים ביחס לחברה הישראלית.

x.com/BiniAshcknasy/…",he,1890089035487383552.jpeg
1831234635663085729,"מצד ימין: השירותים של הנ'חובות אצלנו בשב""ס.

מצד שמאל: השירותים של הנ'וחובות בשדה תימן של צה""ל.

גלנט, תלמד. https://t.co/FV4GcyyVBB","מימין: תמונה גנרית שניתן למצוא באינטרנט במספר אתרים שונים. מצ""ב קישור לכתבה העוסקת בשירותים, אמבטיות ובידה באירופה  משנת 2008 עם התמונה

davidmcguffin.com/toilets-tubs-a…",he,1831234629950414848.jpeg
1777931089593409791,"שערוריה.

זכות המעסיק לאשר או לא לאשר חופשה.

מעסיק שלא יודע לאפשר שירות סביר לציבור לא יכול להיות ספק לשירות ציבורי. https://t.co/n8zHzsgWfp","הציוץ מטעה, כיוון שלפי ״חוק חופשה שנתית״ עובדים מוסלמים זכאים להיעדר מעבודתם בימי החגים המוסלמיים (כך גם בשאר הדתות). 

kolzchut.org.il/he/%D7%97%D7%9…",he,1777930195602644992.jpeg
1877433772024406231,"ל @patriotim14 בבניני האומה יש יותר צופים מל""מכונת האמת"" של שקמה ברסלר ביוטיוב. https://t.co/msm4GfPhgo","ציוץ שיקרי. בנייני האומה מסוגלים להכיל עד 10 אלפים אנשים. בפרק הראשון של ״מכונת האמת"" צפו, 49 אלף איש. בפרק שני צפו 15 אלף איש, נכון ל10 בינואר.

מכונת האמת:
youtu.be/K3g8t3YPCcE?si…

בנייני האומה:
he.wikipedia.org/wiki/%D7%91%D7…",he,1877433730152693760.jpeg
1891109484497436701,"הגיבו למר אורי שהתנ""ך נמצא בספרייה הלאומית וזה גם אומת.

האם לדעתכם אורי ימחק את הציוץ הנלוז? https://t.co/8CXD9nzDr7","הציוץ שקרי. ספר התנ""ך המדובר ""אבד"" מלשכת ראש הממשלה לאחר שמר נתניהו פינה אותה עבור נפתלי בנט.
נכון לאוגוסט 2023, המידע החדש ביותר ברשת בנושא. מיקומו של התנ""ך היקר בעולם עדיין אינו ידוע
bhol.co.il/news/1579565",he,1891109316268032001.jpeg
1853673074698203299,"רשמי וסופי: אימאן ח׳ליף שהתחזה לאישה וזכה במדליות רבות בתחרויות נשים, הוכח כגבר בבדיקת הורמונים ואיבר מין.

כמה גידופים קיבלתי, כמה גזענות. 

לא אכפת לכם מהנשים שחטפו אגרופים מגבר, אכפת לכם רק מקידום אג׳נדה רעילה https://t.co/8JxfZO3cCm","אירגון האיגרוף העולמי הכחיש את הטענות לגבי בדיקת המין של המתאגרפת וגם לגבי הרחקה שלה מתחרויות, הדובר הרשמי של הוועד האולימפי אמר שכל הטענות שקריות. כותב הפוסט מבסס את הטענה שלו על פוסט בפייסבוק שכבר נמחק
reuters.com/fact-check/box…",he,1853673070256414720.jpeg
1871561064208613773,"השיטה החדשה של קבוצות הרעל בשמאל היא לארגן התנפלות המונית על ציוצים של אנשי ימין ולייצר להם ""תיקון עובדתי"" (פחחח)
אממה, כרגיל, הם מלאים פייק.
כמו פה:
נתניהו כן ביקר את חנה קציר, בבית החולים.
מי יתקן את התיקון? https://t.co/kR16DZj83r","אין הוכחות לביקור שקיים נתניהו עם חנה קציר
ב-1.2.24 אכן ביקר בתל השומר וצולם נפגש עם חיילים, אבל אין תיעוד למפגש עם חנה קציר

בנוסף, כרמית פלטי קציר, בתה של חנה, אמרה שמעולם נתניהו לא הגיע לבקרה
facebook.com/share/p/19bhTw…
",he,1871561057723908096.jpeg
1872328303736144348,"לוקאץ׳, אם אתה רוצה סרט המשך על ישראל זיו ויאיר גולן, אני יכול לחבר אותך לבנאדם שיתן לך עדות אותנטית מה הם עשו שם בשטח בזמן אמת.

@IlanLukatch https://t.co/ifvJt82Plr","בניגוד לרמיזות של כותב הפוסט יש שפע של עדויות לכך שיאיר גולן הציל אזרחים ב-7 באוק’. חשוב לציין כי התכתבות אנונימית בווטסאפ אינה הוכחה לשום דבר וכי כותב הפוסט השתמט משירות בחיל-האוויר, בטענה כי הוא עסוק ב״התבוננות פנימית״, כך ע״פ עיתונאים בכירים במענה לתביעת הדיבה שלו

themarker.com/captain-intern…

inn.co.il/news/616158

kan.org.il/content/kan-ne…

the7eye.org.il/519962",he,1872328294437105664.jpeg
1849043704872378845,"תא""ל הגרי, חזור בך ממכתבך.
דומה שהכלי שבחרת להתמודדות עם ביקורת נוקבת הוא כלי ההשתקה. 

מושכלת יסוד היא כי לשר התקשורת ולשר הבטחון את כל סמכות להתערב בשידוריו של גוף תקשורת פרטי.

ביקורת איננה הסתה. הסתה היא עבירה פלילית בחוק העונשין. בשנתיים האחרונות, שתקת ואף גיבית מסיתים https://t.co/MIoQ4jgxdw","הרמטכ״ל הרצי הלוי התבטא נגד סרבנות במספר הזדמנויות לאורך השנתיים האחרונות:

‏israelhayom.co.il/news/defense/a…

‏mako.co.il/news-military/…

‏maariv.co.il/news/military/…

‏inn.co.il/news/607077

‏israelhayom.co.il/news/local/art…

‏news1.co.il/Archive/001-D-…",he,1849043702741708800.jpeg
1885309999930388879,"עברתי לגרמניה והתקבלתי לעבודה להתקין סיבים אופטיים לחיבור אינטרנט.
זה הבית שאני מתקין בו עכשיו.
אל תגידו לאבא שלי.. https://t.co/OshbLSOEri","הצילום ״חותך״ את זה שמדובר באדם זורק את הצלב קרס לפח ולא ך דגל צלב קרס של נאצים
x.com/aradboaz/statu…",he,1885309990929326082.jpeg
1863679171420885229,"אוהבים אותך קובי
העם איתך נגד ההפיכה השלטונית של היועמ""שית 🇮🇱❤️ https://t.co/90UEGu2Pxu","נציב שב""ס עוכב לחקירה ונחקר במשך שעות ארוכות בהתאם לחוק העונשין הישראלי הקיים - קיומה של חקירה בהתאם לחוק אינה מהווה הפיכה שלטונית
ynet.co.il/news/article/s…

בפרשה בה מעורב כביכול הנציב עולה חשד כי ניתן שוחד (על-ידי קצין אחר) ל""דמות מדינית בכירה"" -התערבותו של בן גביר בנושא עלולה לשבש את החקירה לכאורה ynet.co.il/news/article/s…",he,1863679162738778112.jpeg
1891871694249251218,יאיר גולן האשים היום את נתניהו בהיותו ״בעל הברית החשוב ביותר של חמאס״. מצחיקקקקקק מאוד כי זה אשכרה הפוליטיקאי היחיד שאמר בעבר הלא רחוק ש״חמאס הוא כבר מזמן פרטנר״ https://t.co/CrPgAWhUJP,"מצג שווא. יאיר גולן אמר זאת במשמעות של ״נתניהו כבר מזמן הפך אותו לפרטנר״, לא כי גולן עצמו חשב שהוא היה צריך להיות פרטנר.

x.com/feldman_gil/st…",he,1891871688347832320.jpeg
1927948522420060454,הגיע הזמן ממזמן https://t.co/NBIYbmHjIu,"כותרת המאמר מציגה מצג שווא לפיו היועמ״שית החלה בהליך הוצאתו של רה״מ נתניהו לנבצרות. בפועל, ההליך המדובר הוא מכתב מיצוי הליכים שנשלח ע״י ארגון אזרחי טרם פנייה לבג״ץ, ותו לא, ללא כל פעולה מצד היועמ״שית.

maariv.co.il/news/politics/…",he,1927948519744122880.jpeg
1894307012688719978,אתם מכירים שם משפחה מרוקאי כזה? https://t.co/qoMmCrAY0d,"״לובטון״ מתועד כשם משפחה יהודי בתחילת המאה ה-16 במרוקו. ניתן למצוא תיעוד של מספר עולי מרוקו בעלי שם המשפחה ״לובטון״, כגון: יהודה לובטון, שמחה לובטון, ומשה לובטון.

ravdori.co.il/stories/%D7%94…

x.com/alfa_lima_/sta…

maapilim.org.il/notebook_ext.a… ",he,1894307006858645504.jpeg
1871195029840314579,"יאיר גולן הוא מה""דמוקרטים"" שמאיימים על עובד ציבור שיבואו איתו חשבון אם הוא יפעל בהתאם להוראות הממשלה שנבחרה באופן דמוקרטי...

אולי כדאי שישנה את שם המפלגה ל""הפאשיסטים""? https://t.co/gh5CdGZft7","יאיר גולן איים כי בעתיד יבואו חשבון עם המפכ״ל אם יעדיף נאמנות אישית לנתניהו על פני נאמנות לחוק, למדינה ולאזרחיה, לא אם יפעל על פי הוראות חוקיות של הממשלה הקיימת. לדברים במלואם: mako.co.il/news-politics/…",he,1871195027809959936.jpeg
1891871694249251218,יאיר גולן האשים היום את נתניהו בהיותו ״בעל הברית החשוב ביותר של חמאס״. מצחיקקקקקק מאוד כי זה אשכרה הפוליטיקאי היחיד שאמר בעבר הלא רחוק ש״חמאס הוא כבר מזמן פרטנר״ https://t.co/CrPgAWhUJP,"הקשר חשוב: מדובר בקליקבייט.
כפי שניתן לראות בראיון, יאיר גולן אומר את המשפט בכדי לתאר את המדיניות של נתניהו.

x.com/feldman_gil/st…",he,1891871688347832320.jpeg
1888258339894697991,"זה המחיר של מסירת שטח ונשק לנאצים הערבים! 

שואת רבין! https://t.co/2AN6Qg6x7Q","חשוב להזכיר שיצחק רבין נרצח בשנת 1995.
מאז בנימין נתניהו מכהן כראש ממשלה כ17 שנים ובחר להעביר כסף לארגון הטרור הרצחני. 

he.m.wikipedia.org/wiki/%D7%A8%D7…

he.m.wikipedia.org/wiki/%D7%A8%D7…


m.maariv.co.il/news/politics/…",he,1888258335159316481.jpeg
1871550503064051999,"היי בן,
נתניהו כן ביקר את חנה קציר ז״ל,
בבית החולים תה״ש.
תפסיק בבקשה עם ההסתה. https://t.co/0RboeuJ4XR","הציוץ של ינון מגל לא נכון. נתניהו לא ביקר את חנה קציר ז""ל בבית החולים תל השומר בו הייתה מאושפזת וזאת למרות שביקר את נועה ארגמני באותו בית חולים.  

x.com/Bar_ShemUr/sta…
x.com/Bar_ShemUr/sta…
x.com/Bar_ShemUr/sta…",he,1871550496512548864.jpeg
1875803128831869222,"מי שנתן רוח גבית לרדיפת לוחמינו הם אלו שהדליפו חומרים מסולפים ומרושעים נגד חיילי צה”ל. החלטות שערורייתיות והפקרות משפטית ותקשורתית, כולל של הפצ״רית, היועמ״שית, הצנזור וגיא פלג, הפכו לתעמולה של ארגוני טרור ושל גורמים אנטי-ישראליים בעולם.

גם אם במקרה הזה לא מדובר באותן הדלפות https://t.co/nWaWkrPbiN","החקירה של הקרן נעשתה על בסיס מקורות גלויים ברשת, ואין אינדיקציה על ""הדלפה"" או ""הלשנה"".

ynet.co.il/news/article/s…",he,1875803121475108864.jpeg
1792905053726036043,"חצי שנה של שקרים עלילות והסתה מרושעת נגדי מסתיימת במסמך צבאי שמוכיח בצורה הכי ברורה:
העתודה המטכלית הגיעה לחווארה 4 שעות לפני הסוכה שלי לפי גאנט שתוכנן חודשיים מראש.
השקרנים יתנצלו? https://t.co/WSRMjIa5ej","ב-11 באוקטובר טען הכותב כי ""ההסלמה הביטחונית הובילה את צה""ל לתגבר בעוד פלוגה בכפר לקראת שמחת תורה"", ולא גאנט תעסוקה מבצעית.
x.com/tzvisuccot/sta…

ב-12 באוקטובר קבע ""אף חייל לא הגיע מעזה לתגבר בחווארה בכל השבוע הזה.
בוודאות"".
x.com/tzvisuccot/sta…

ואיים לתבוע את כל מי שיאמר את מה שהוא כותב כרגע
x.com/tzvisuccot/sta…",he,1792905051368730624.jpeg
1802738693783822804,מצבה של ״ההתנגדות״. מאות בודדות בהפגנת המחאה עכשיו בירושלים. העם פשוט בז למחאה הזו. https://t.co/2cvGdRjQxa,"הכותב ידוע כמפיץ פייק ומידע כוזב, גם הפעם הוא לא איכזב ..
מדובר בתמונה לפני תחילת המחאה.
x.com/bodkim2022/sta…",he,1802738682366955520.jpeg
1902081710445019234,"את אלון גור, הנווט שהפסיק טיסותיו בטייסת, הכרתי באופן אישי מקרוב. הוא שירת תחת פיקודי כמפקד צוות, בזמן שפיקדתי על קורס הקצינים של בית הספר לטיסה.

אלון הוא דוגמא מייצגת לכל מה שקורה כאן בשנתיים האחרונות, המאפיינות את דור חילופי האליטות בו אנו נמצאים. 

ברמה האישית, החברית והערכית https://t.co/8XniGjVvQL","״פגם מוסרי״: כותב הפוסט, שי קלך, סירב להתייצב גם במהלך שירות הקבע שלו וגם כמילואימניק בעופרת יצוקה, וזאת על פי על פי עדותם של בן כספית, אורי משגב והטייס גיא פורן.

the7eye.org.il/519962",he,1902081704116023296.jpeg
1897315521705730438,"מכירים את המרוקאיות עם צמידי הזהב, נכון??
אז אשתו של הרצי בגרסה האשכנזית 👇🏻 https://t.co/0zMB8hDo4p","הצמידים שלובשת שרון הלוי, רעיית הרמטכ""ל היוצא, הינם צמידים שאספה מפגישות עם משפחות שכולות המוקדשים לזכרם של החללים שלפי עדויות ""היא אוספת אותם ולא יכולה להיפרד מהם"" 
ynet.co.il/news/article/r…",he,1897315518526189568.jpeg
1812793729012408556,"שלום ינון,
היועמשית הגיעה היום לנחם את אריה דרעי על מות אחיו.
אריה לא התייחס אליה. 
לא דיברו. 
הלכה https://t.co/NaXGpaMajv","ינון מגל מציג טענה לא מבוססת שקיבל ממקור לא יודע כעובדה. בתגובות העיתונאי יאיר שרקי מביא מקור מוסמך ומזוהה שהכחיש את הדברים וסיפק תמונה שמחזקת את טענתו
x.com/yaircherki/sta…",he,1812793721047465984.jpeg
1831595722732458409,"מה אתם רצים לרפורמה במערכת המשפט?

הבאתם איזה שמץ של ראיה על משהו רקוב? מושחת? https://t.co/c9PGzoagWw","מנדלבליט הוא מינוי פוליטי של נתניהו
נווה קיבל תמיכה מגורמים רבים בקואליציה

כלומר האירועים מדגימים כי מעורבות פוליטית במערכת המשפט היא הבעייתית ועם זאת רוטמן מעוניין להגביר את מעורבות הפוליטיקאים במערכת המשפט.


inn.co.il/news/605156
kikar.co.il/_amp/israel-ne…

ynet.co.il/articles/0,734…

he.m.wikipedia.org/wiki/%D7%94%D7…",he,1831595720924712960.jpeg
1873327691144867893,"בימים האחרונים אנו עדים לקמפיין תקשורתי אודות רופאים שמאיימים לעזוב את מערכת הבריאות  ואף להגר לחו”ל. זהו פתח מסוכן לסרבנות רפואית כפי שהתבטא בתקופת הרפורמה.
כחבר ועדת הבריאות, אקדם דיון מהיר בוועדה כדי לבחון את התופעה ולמגר אותה, וכן לבדוק אפשרות לסנקציות במקרה של סרבנות רפואית. https://t.co/QiX2uNuL3A","חשוב לציין כי האיומים של חה״כ שקלים פסולים ומנוגדים לחוק. במדינה דמוקרטית כל אזרח רשאי לעזוב את המדינה מבלי ששלטונות המדינה יאיימו עליו בסנקציות. זכות זו מעוגנת בהכרזה לכל זכויות האדם של האומות המאוחדות (סעיף 13) ובחוק יסוד: כבוד האדם וחירותו (1992), סעיף 6.

un.org/en/universal-d…

nevo.co.il/law_html/law00…”",he,1873327684417097728.jpeg
1863132342044270960,"טיהור אתני בעזה היה ב-2005, לא זוכרת שהתלוננתם. https://t.co/ZIpS4wXbNP","ההתנתקות לא הייתה טיהור אתני אלא פינוי חד צדדי של רצועת עזה שנכבשה ב1967 ובוצע בהחלטת ממשלה ואישור הכנסת

he.wikipedia.org/wiki/%D7%AA%D7…",he,1863132338462277632.jpeg
1878730500380168303,ואוו - אם השופט יצחק עמית לא מודיע על פרישה בתוך 24 שעות ואם אין כאן תוך 24 שעות עצורים וצווים כמו שראינו שהמערכת יודעת להוציא כשמדובר באנשי ימין אז תדעו שאנחנו בצניחה חופשית בלי מצנח. 24 שעות לכל היותר כמובן. https://t.co/FUKL3egxRO,"תגובתו של עמית: ״שמו של השופט עמית מופיע בהליכים תחת שם משפחתו הקודם מאחר שנתוני בעלי הזכויות נלקחו מנסח הטאבו, שם מופיע השופט עמית בשם משפחה זה. בייפוי הכוח שניתן על-ידי השופט לאחיו, נכתב במפורש יצחק עמית כך שהטענה שהשופט עמית ""הסתיר"" את זהותו מופרכת.״

x.com/IsraelCourts/s…",he,1878730481673404416.jpeg
1854537139146346846,"כנראה גנץ, לפיד ואיזנקוט לקחו “קל בטן” לפני שהצביעו נגד חוק גירוש משפחות המחבלים שתמכו ועודדו רצח יהודים, בזמן שאנחנו במלחמה על קיומנו.
בזמן מלחמה אין ימין ושמאל, יש עם אחד ומטרות ברורות; להשיב את החטופים ולנצח את המלחמה! https://t.co/c5mO2T9g2c","לפני שנתיים בלבד מירי רגב תמכה במדיניות דומה כחברת אופוזיציה, ואמרה ש""החלטנו שאנחנו אופוזיציה לוחמת, ואנחנו רוצים להפיל את הממשלה הזאת. אז אין כאבי בטן עם עם נכים ואין כאבי בטן עם מקרי אונס, ואין כאבי בטן עם נשים מוכות ואין כאבי בטן עם חיילים""

x.com/DaphnaLiel/sta…",he,1854537130309017604.jpeg
1777739439361392692,"הערב בפטריוטים
נתונים דרמטיים
בתשע🔥 https://t.co/Mg7vxbEvsJ","הציוץ ותוצאות ״המחקר״ שקריות ומסולפות.
בין יתר הסילופים, הספירה במחוז ירושלים מחסירה את תושבי מזרח העיר, שעה שבמחוז הצפון, לדוגמה, אינו מחסיר את האוכלוסייה הערבית שאינה משרתת, או במחוז תל אביב, בה כלולה העיר בני ברק בה רוב הציבור משתמט משירות. 

x.com/littlemoiz/sta…",he,1777739432432402432.jpeg
1817256637444612232,הערב ולתמיד כולנו עם אחינו הדרוזים היקרים 💔 https://t.co/yItLeJVQtv,"כיושב ראש הקואליציה, דודי אמסלם קידם והצביע בעד ״חוק הלאום״, אותו הגדיר כ״משימה הראשונה״ של הכנסת ה-20.
חוק זה פגע במעמדם של בני העדה הדרוזית בישראל והוביל למחאות נרחבות שלהם.
m.ynet.co.il/Articles/50597…
m.maariv.co.il/news/politics/…",he,1817256634353086464.jpeg
1869435434511835172,"אביתר מחכה להדליק נרות חנוכה עם אבא ♥️
תעזרו לנו לשחרר את הנגד א' הביתה🙏🏻 https://t.co/bNQ2LmXKlA","הנגד א' ניסה להסית את דעת הקהל ולמנוע עסקת חטופים.

גם 100 חטופים משתוקקים להדליק נרות ולחזור הביתה, לא להאנס או להגיע לקבורה. 

יתרה מזאת, בפעולותיו של מסירת ידיעות סודיות וחשיפת מקורות, סיכן הנגד בפועל את בטחון חיילי מדינת ישראל. 

he.m.wikipedia.org/wiki/%D7%94%D7…
",he,1869435427544834048.jpeg
1883454041294049328,לא לגיטימי. לא נשיא העליון שלי. https://t.co/2exT6Un5C9,"יצחק עמית נבחר לתפקיד נשיא ביהמ""ש העליון ע""י הוועדה לבחירת שופטים, בהתאם להליך הקבוע בחוק בתי המשפט.
שר המשפטים, שרת ההתיישבות ונציג הקואליציה בוועדה בחרו להחרים את הדיון לבחירת הנשיא, אחרי יותר משנה לאחר פרישת הנשיאה חיות שבה שר המשפטים נמנע מבחירת נשיא, חרף צו של בית המשפט
nevo.co.il/law_html/law00…
globes.co.il/news/article.a…",he,1883454034176012288.jpeg
1875221073148715229,"68 יום חייל מילואים חטוף,מועלם,מושתק ומעונה ללא משפט בידי החונטה המשפטית. עד מתי? איפה זכויות האדם? איפה הח״כים והשרים של הימין? https://t.co/ddA8XTkkZx","כל הציוץ הזה שקר:
הוא לא חטוף, הוא עצור עד תום ההליכים לפי החוק
הוא לא מועלם, שרים וח""כים מבקרים אותו כמעט כל יום
הוא לא מושתק, הוא הופיע מספר פעמים לפני שופטים שונים
הוא לא מעונה, אין טענה כזו מעורכי דינו או מאלה שביקרו אותו
רק לפני יומיים ביקר אותו ח""כ סוכות בפעם השלישית: 
0404.co.il/?p=1048552",he,1875221066957660160.jpeg
1879070152270201068,"אנשי רוח, אקדמאים, משפטנים בכירים וחוקרים המתמחים במשפט וחוקה, במודעה הבוקר בעיתון 'הארץ':

הכרה במתווה הפשרה כבסיס סביר לדיון ושיפורים, קריאה לכל הצדדים לשבת ולדבר, הפרדה מוחלטת בין בחירת נשיא העליון לבין הטיפול בחוק. https://t.co/6bplsnHUj4","הקשר חשוב: בניגוד לעלול להשתמע מהפוסט, עמדת החותמים על העצומה היא שלא ניתן לקבל את המתווה המוצע של סער-לוין, אותו מנסה לקדם כותב הפוסט (״לא ניתן לקבל במתכונת המוצעת״). כלומר, אין לראות בעצומה זו כהסכמה למתווה המדובר, אותו מנסה לקדם יזהר שי

x.com/itai_leshem/st…",he,1879070145420681216.jpeg
1874098854779642273,"בושה שהגענו למצב שלא מתקזזים עם אדם בשבעה ואדם יממה אחרי ניתוח לא פשוט. גם בפוליטיקה אפשר להיות אנושיים.

שלא תדע עוד צער ח""כ @BismuthBoaz, והחלמה מהירה ראש הממשלה @netanyahu https://t.co/281pfWj4Tq","כותב הציוץ אינו מדייק ולא מציין שסיעת עוצמה יהודית מסרבת להצביע יחד עם הקואליציה ועל כן בועז ביסמוט נאלץ להופיע.

כמו כן, אין זה פעם ראשונה שזה קורה, ב-2021 האופוזיציה סירבה להתקזז עם מאיר הלוי כשישב שבעה על אחותו

maariv.co.il/news/politics/…",he,1874097218421915648.jpeg
1795914761219060083,"יו""ר העבודה קרא לאי ציות אזרחי נרחב: ""לא עושים מילואים עד שהממשלה מתחלפת""

https://t.co/FPsN8zmphd https://t.co/PvxiKociEP","המשפט הבא בדברי גולן הוא ""אני לא מדבר (על) עכשיו"".
בדבריו דיבר גולן על התקופה שלאחר המלחמה.
twitter.com/KhalilAsslan/s…",he,1795914586635321344.jpeg
1846998762146668788,"זה ה״פרטנר״ של השמאל הישראלי, בישיבת אבל על מות הרוצח סינוואר. למכחיש השואה הזה, שמחלק משכורות לרוצחי יהודים, הם הציעו לתת את עזה לשליטה. הרשות הפלסטינית היא רשות טרור מוחלטת. https://t.co/ntESmBUIiH","לא מאמין שהשר בן גביר גורם לנו להגן על מחמוד עבאס בהערות קהילה אבל זאת תמונה מלפני לפחות שנתיים. נכון לשעה זאת אין תמונה חדשה של עבאס לאחר היוודע חיסולו של סינוואר.

madar.news/%d8%a7%d9%84%d…",he,1846998754173329408.jpeg
1925857657375563843,https://t.co/a8rSiUPfWU,"הקשר חשוב:

 התכנית 'דוח מצב' שודרה בשעות 23:00-23:50
לעומת  'פתחי את שי', ששודרה בשעות 22:30-22:55

לכן, עצם ההשוואה לא ברורה ומטעה

x.com/soudron/status…",he,1925857652292112384.jpeg
1835718136953254389,"היום חתמתי על ביטול תקנות הנדל שמנעו את הפעלת ״הקומה הכשרה״, כדי לעקור מן השורש את ההתערבות הגסה והפגיעה בחופש הפרט של הממשלה הקודמת בציבור החרדי.
בממשלה שלנו, היהודית והדמוקרטית, אזרחי ישראל יוכלו לצרוך שירותי תקשורת באופן חופשי לפי רצונם ולפי תפיסת עולמם. https://t.co/3jaw36peWq","השר קרעי משתמש במילים ״חופש פרט״ ו״לפי רצונם״, אך ביטול התקנות של הנדל ימנע בדיוק את זה, כשימנע מחרדים את החופש לנייד מספר טלפון כשר לטלפון חכם. 

‏israelhayom.co.il/news/politics/…",he,1835718130024284160.jpeg
1858949784129720399,"בשל המחלוקות עם הממשלה: רוב הציבור בעד הדחת היועמ""שית

לכתבה - https://t.co/7GvNzdxMI4

צילום: נתן ווייל, לע""מ https://t.co/AXf911PKgb","על פי הכתבה עצמה:
""טעות הדגימה הסטטיסטית 3.9% ±""
תוצאות הסקר הן 51% נגד השארת היועמ""שית בתפקיד ו-48% בעד (1% לא יודעים)
כלומר, מדובר בתוצאה לא מובהקת סטטיסטית ולכן אין מסקנה ברורה מהסקר. 

now14.co.il/article/1056250

בנוסף, עורך הסקר הוא שלמה פילבר, תומך ידוע של נתניהו, שחתם על הסכם עד מדינה והפר אותו.
he.m.wikipedia.org/wiki/%D7%A9%D7…",he,1858949782049333249.jpeg
1890077768182108458,"ברכות למר עבירות בנייה וניגודי עניינים, מר יצחק גולדפריינד על שמינה את עצמו לדון בענייניו ולמלוך על נתיניו.

אתה לא הנשיא שלי. https://t.co/me7V41H0p1","ח״כ דיסטל שוב משקרת
נשיא ביה״מ העליון נבחר עם חוק למרות שהממשלה ניסתה למנוע זאת.

supremedecisions.court.gov.il/Home/Download?…

בנוסף, טענתה שעמית עבריין בניה ובניגוד עניינים שמונע ממנו מלכהן בנשיא העליון גם היא שקר. ביהמ״ש  קבע שאין מניעה מעמית לשרת כנשיא 

ynet.co.il/news/article/b…",he,1890073583486910465.jpeg
1880990527820304411,"גם אנחנו מתרגשים ומחכים שהחטופות רומי, אמילי ודורון ישובו הביתה ויתאחדו עם בני משפחותיהם. 
נמשיך להילחם עד אשר נשיב את כל החטופים לביתם ונחסל את יכולות החמאס. https://t.co/rds03SULA0","הקשר חשוב:
מירי רגב חלק מהקבינט המדיני ביטחוני טרפדה שוב ושוב עסקאות חטופים עד עתה.
ynet.co.il/news/article/b…
",he,1880990519058137088.jpeg
1919755926820487512,לא נשכח ולא נסלח https://t.co/IyewcyezbD,"זו תמונה מזויפת בה הדביקו את הראש של בנט. בתמונה המקורית, טיבי יחד עם איימן עודה.
x.com/moshe_geva/sta…",he,1919755921518997504.jpeg
1890052060160368862,"במקום חוקי הצדק והמוסר בגירסה המקורית הבלתי משוחדת, קיבלנו מלך אבסולוטי בגלימה וכתר, שמשקולת הצדק בידיו נוטה לפי אינטרסים אישיים. חרב החוק, שאמורה להגן על הדמוקרטיה, מופנית דווקא כלפי נבחרי הציבור.

הכתר כבר על הראש, הגלימה על הכתפיים — יצחק עמית ממליך את עצמו לנשיא, בניגוד לחוקי https://t.co/3Dn6bF4hht","פוסט שיקרי שמזכיר תקופות אפלות.

כבוד נשיא בית המשפט העליון יצחק עמית מונה על פי חוקי הדמוקרטיה הישראלית, לאחר שנבחר ברוב של 5 מתוך 9 חברי הוועדה לבחירת שופטים.  

calcalist.co.il/local_news/art…",he,1890052036982427648.jpeg
1867996915327254978,"לא לסרבנות❗
לא לסרבנים‼️

לכלא עכשיו 🚫 https://t.co/bkhIx2of8Z","אמסלם מקדם את חוק הפטור מגיוס, שיאפשר לאלפי מועמדי גיוס חרדים בכל שנה לסרב לגיוס לצה""ל באופן חוקי.
israelhayom.co.il/news/politics/…",he,1867996910415433728.jpeg
1892334046543282191,"ארץ נעדרת בושה: מדינה שלמה באבל - ובקשת 12 משדרים סאטירה

לכתבה - https://t.co/Mr32Uv6SLs

צילום: משה שי, פלאש 990 https://t.co/yZsH8PQORO","גם ערוץ 14 שידרו את התכניות ""הפטריוטים"" ו""פתחי ושי"" שמוגדרות כתכניות סאטירה

now14.co.il/shidurim",he,1892334044290904064.jpeg
1779407608102650232,"""בארץ ישראל, אדם שלא מאמין בנסים הוא אדם לא ריאלי"" ~ דוד בן גוריון. https://t.co/bBqtASGlky","בלימת המתקפה האיראנית לעבר ישראל נעשתה על-ידי מערכות הגנה אוויריות שפותחו על-ידי אנשי הנדסה מחקר ופיתוח.
he.wikipedia.org/wiki/חץ_3
he.wikipedia.org/wiki/קלע_דוד",he,1779407605984620544.jpeg
1838681320169345366,"אין גבול להסתה של פחי האשפה. 
מעניין אם יש מישהו ער בפרקליטות או במשרד היועמ״שית? https://t.co/uzed2R4MCu","על פי פייק ריפורטר מדובר ככל הנראה בחשבון של השפעה זרה, אבל זה לא מפריע לדובר תנועת הליכוד להציג את הציוץ הזה כעובדה מוגמרת. 
x.com/FakeReporter/s…",he,1838681311688409088.jpeg
1882890265373090070,אגם ברגר לא מופיעה בסופו של דבר ברשימת החטופות שישתחררו בשבת. וזה מה שיש לאנשי שמאל ליברליים להגיד לאמא שלה על זה https://t.co/q4oBCum3Hn,"אמיר חצרוני אינו שמאל, ואינו ליברלי. הוא טרול של תשומת לב. ""כן לכיבוש כאשר הוא משתלם""
he.m.wikipedia.org/wiki/%D7%90%D7…

הכותב לא הביא ראיות לכך שאנשי שמאל ליברלי ביקרו את אמא של אגם ברגר, אלא מצא כמה בוטים או יוזרים שוליים אנונימיים כדוגמאות שלא מייצגות את הטענה שלו.",he,1882890261593796609.jpeg
1816556580936040601,"20 שנה למחאת השרשרת האנושית בימי המאבק על גוש קטיף.
מחאת השרשרת האנושית היא אנטיתזה למחאות השנים האחרונות, מחאה של חיבור ואיחוד לא של פילוג ושנאה https://t.co/TxMPJpwudk","מתבצרים בישוב שפכו חומר חומצי על חיילים
m.ynet.co.il/Articles/31297…

אנשי תקשורת איימו בסרבנות ובעזיבת הארץ
facebook.com/watch/?v=47527…

במהלך המחאות נפצעו 11 שוטרים
israelhayom.co.il/news/politics/…

מנהיגי המוחים קראו לסירוב פקודה
globes.co.il/news/article.a…

ישנן עדויות כי אישי ציבור כיום נעצרו בחשד לכוונה לבצע פעולות חבלה לכאורה
srugim.co.il/822561-%D7%90%…

המוחים נגד ההתנתקות קיבלו הגנות בחוק מהליך פלילי 
nevo.co.il/law_html/law01…
",he,1816556573189181440.jpeg
1804985925920829610,רק להיזכר שהיינו פעם שנה בידיים של הנוכל הזה מרעננה 🫢 ברוך פודה ומציל! https://t.co/eV9PGct5ll,"התמונה עברה עריכה, בתמונה המקורית בנט לא משחק בקנדי קראש.

x.com/michalwoldiger…",he,1804985923198746624.jpeg
1888258979467256022,"זה המחיר כאשר מפרקים את צה״ל מבפנים!

שואת קפלן! https://t.co/1sPMH9zuYU","ראש הממשלה נתניהו, בו תומך קפאח, אישר העברה של מעל מיליארד דולר לחמאס, והוביל את ישראל בזמן טבח ה-7 באוקטובר, במהלכו נרצחו מעל 1200 ישראלים ונחטפו מעל 250. נתניהו גם טרפד, על פי עדותם של בן גביר וגלנט, הסכם חטופים שיכל לשחרר את החטופים לפני חודשים רבים.

oct7map.com
x.com/amit_segal/sta… ynet.co.il/news/article/r… ynet.co.il/news/article/h… mako.co.il/news-military/…
x.com/Milifney/statu…
x.com/talshalev1/sta…",he,1888258975180701696.jpeg
1918329647911104705,"לפני זמן קצר שוחחתי עם מנהיגה הרוחני של העדה הדרוזית בישראל, השייח’ מוואפק טריף.

השייח’ טריף הודה על פעילות צה״ל בהגנת הדרוזים בסוריה וחזר על החשיבות העצומה של פעילות צה״ל בהגנת הדרוזים.

במהלך שיחתנו עדכנתי את השיח׳ על הפגיעה בתשתיות כביש 6 וחסימות הכבישים הנרחבות כתוצאה https://t.co/pul5ZmJqJM","האדם שמירי רגב בחרה למחוק מהתמונה הוא מהדי נסראלדין, ששמו נקשר בתחקיר של רביב דרוקר על התנהלותה הפסולה של מירי רגב

מידע מפורט בנושא:
x.com/yanircozin/sta…",he,1918329640210305024.jpeg
1847163690287513639,"זו החבורה שהשמאל הביא עלינו באוסלו, מתאבלים על סינוואר. רק לאחרונה היה פה שר ביטחון שאירח את אבו מאזן בביתו, זו האופוזיציה שמטיפה לנו ושלחצה שיקבל את ההנהגה ברצועה. https://t.co/X9roltVizv","אין כאן אבל על סינוואר אלא תפילה שנאמרת בכל ישיבה שלהם כתפילה כללית לזכר המתים בעזה.
x.com/nurityohanan/s…",he,1847163683085918208.jpeg
1762745494495715720,מעל 90% הצלחה למדגם הבחירות של ערוץ 14 ודיירקט פולס https://t.co/EXFitZRSSF,"למדגם של ערוץ 14, לא היה 90% הצלחה. 

בערים רבות היה פערים בין המדגם לתוצאות. אם מחשבים את אחוז הדיוק, לפי אחוזי הצבעה שהוצגו במדגם לבין התוצאות, מגיעים לאחוז נמוך מ-90.

הם מציגים טענה שמעוותת את המציאות רק לפי מי שנבחר לראש העיר, בעוד המדגם היה של אחוזי הצבעה בין המועמדים

municipal-election-results.moin.gov.il/summary-result

x.com/bambootoothpic…",he,1762745470844084225.jpeg
1872600251271725522,"בניגוד לאמור בדו""ח רולניק ""שיטת נתניהו"" (כאן 11, 10/12), לרה""מ אין מכונה מיומנת ומשומנת שהוא מפעיל בעוצמה.
בדיוק להפך! ""תחקיר"" רולניק הוא מכונת הרעל המשומנת, שעלותה לפי הפרסומים 600,000 ש""ח, המבקשת להסתיר מהציבור את האמת ולהאשים את חושפיה.
@MakorRishon
https://t.co/2bP98CqeJ2 https://t.co/a1fjx4ekEB","הכותבת היא אמו של שרוליק איינהורן המכונה חוסייד, שהיה חלק אינטגרלי מצוות נתניהו. איינהורן מתמחה בהפעלת מניפולציות תודעה ברשת, והחברה שלו perception (תודעה) מעניקה שירותים בתחום זה לשליטים ברחבי העולם, כולל קטאר
haaretz.co.il/gallery/galler…",he,1872599162220343296.jpeg
1875160934718882173,"68 יום מחזיקים במעצר, ללא משפט, קצין מילואים מצטיין. קשה לדמיין פגיעה קשה יותר מזו בכבוד האדם וחרותו, בזכויות האזרח הבסיסיות ביותר.

ביום שלישי בשעה 09:00, יתקיים דיון נוסף בבית המשפט המחוזי בתל אביב. חשוב מאד להגיע לחזק ולמחות נגד הבריונות הבלתי נתפסת של הפרקליטות. https://t.co/9QJUmz7zmM","הנגד המדובר חשוד בעבירות חמורות כגון מסירת ידיעה סודית, שיבוש הליכי משפט ועוד. הנגד הובא בפני שופט והובא להארכת מעצר עד תום ההליכים, כנהוג במדינת חוק.

בשולי הדברים, במשמרתו של ח""כ שיקלי נחטפו מאות אזרחים מביתם ו 100 מהם עודם בשבי. המידע שהדליף הנגד הרחיק ככהנ עסקה לשחרורם.

globes.co.il/news/article.a…
13tv.co.il/item/news/dome…
",he,1875160920244035584.jpeg
1872367354589728851,"זה מה שקורה כשממנים תת אלוף לרמטכל:
היא פותחת בחקירה בשל חשד לעבירות שחלה עליהן התיישנות🤦‍♂️ https://t.co/KQIybB4lCK","בניגוד לדברי מגל, נפתחה חקירה כנגד שרה נתניהו בחשד להטרדת עד בנסיבות מחמירות. במקרה הזה, ההתישנות היא בחלוף 10 שנים. לכן במקרה של רעיית ראש הממשלה, לא חלה התיישנות על העבירה

mako.co.il/news-israel/20…",he,1872367347131973632.jpeg
1888297400801865825,"קפלן הערב 
רק מזכיר לכם שעל פחות מזה 
@sheffipaz
קיבלה 45 יום בכלא 
אכיפה בררנית היא רשע https://t.co/jII9kwoq0E","שפי פז הצהירה לפני מאסרה ״אני הולכת לכלא כי אני מסרבת להכיר במשטרה, בפרקליטות ובבית המשפט״. כמו כן, היא סירבה להיבדק במסגרת תסקיר מבחן לבחינת אפשרות של עבודות שירות, ועל כן השופטת נאלצה לגזור עליה מאסר בפועל.

‏ynet.co.il/news/article/r…",he,1888297290328141824.jpeg
1780827874712248661,"החטופים שלנו גוועים ברעב, והיועמ""שית דואגת לחוטפים לפירות. אין לתאר https://t.co/SKs172MVDk","השר בן גביר מוציא את דבריה של היועמ״שית מהקשרם.
היועמ״שית לא ״דואגת לחוטפים לפירות״, היא אוספת מידע לקראת גיבוש עמדה בעתירה שהוגשה לבג״צ בנושא.
x.com/amirettin/stat…",he,1780827867435200512.jpeg
1888164558184821108,"רה""מ נתניהו מוושינגטון: על המראות המזעזעים שראינו היום לא נעבור לסדר היום https://t.co/W0Qr4MQ1Gi","על פי עדותו של איתמר בן גביר, נתניהו הוא זה שטירפד במשך חודשים רבים את החזרת החטופים בשל לחצים פוליטיים. לפחות 30 חטופים שהגיעו לעזה חיים כבר נרצחו או נהרגו בשבי החמאס.  
 ynet.co.il/news/article/h…
ynet.co.il/news/article/r… mako.co.il/news-military/…",he,1888163841684434946.jpeg
1810345290982973923,"אפשר לדבר על ""להישיר מבט אל מול האמת"".
אפשר לדבר על כך ש""הפשיעה הלאומנית הרימה ראש"".

אי אפשר להגיד את שני המשפטים האלה ביחד. https://t.co/yqaN2rUIUN","הכותב מטעה כי העלה צילומי כותרות מלפני כשנה
הכותב ניסה בכך לעמעם ולבקר  את דבריו של אלוף פיקוד מרכז היוצא
ראוי שחבר כנסת לא ינסה לסתור מידע אמיתי ועדכני ויסתמך על נתוני אמת ממקור בטחוני מוסמך ולא כותרות מאתרי תוכן
להלן כתבה מהיום של דברי אלוף לגהבי פשיעה 
לאומנית של יהודים
 ynet.co.il/news/article/r… ",he,1810345287808143360.jpeg
1888550650658660687,"בתקשורת בישראל:
הכלכלה קורסת, הצבא גמור, הממשלה לא מתפקדת והמצב הבנ״ל שלנו בשפל של כל הזמנים.

בזמן הזה מגזין פורבס מפרסם את רשימת המעצמות החזקות בעולם, המבוסס על מחקר שבוצע עם אוניברסיטת פנסילבניה ומכוני מחקר נוספים.
הפרמטרים שנבדקו: 
הנהגת המדינה, השפעה כלכלית, השפעה פוליטי, https://t.co/cuzJPfZLvj","הכותב שכח לציין שמדובר במאמר המהדורה ההודית של פורבס ולא פורבס העולמית, ושהם העתיקו הדביקו מUSA Today.

forbesindia.com/article/explai…

usnews.com/news/best-coun…",he,1888550634812575745.jpeg
1874024962685571170,"בגלל סירוב האופוזיציה: ביסמוט הגיע לכנסת בזמן השבעה על אימו

לכתבה - https://t.co/xMpif0ogRZ

 קרדיט: מוטי קסטל, חדשות 14 https://t.co/Q3bQw87EAR","בניגוד לנטען הסיבה שביסמוט היה צריך להגיע לכנסת היא כי מפלגת עוצמה יהודית בראשות בן גביר מתנגדת לחוק הרווחים הכלואים

ynet.co.il/news/article/s…",he,1874024960408027136.jpeg
1883246133683859920,"""עַם הַנֶּצַח לֹא מְפַחֵד מִדֶּרֶךְ אֲרֻכָּה!"" 🩵🇮🇱

לביאות אחת אחת❗🤟

שבוע טוב ומבורך 🙏🏻🎗️ https://t.co/fE4dWzfDPm","דודי אמסלם הצביע נגד עסקת החטופים. אם זה היה תלוי בו, קרינה, לירי, דניאלה ונעמה עוד היו בשבי החמאס.

ynet.co.il/news/article/b…",he,1883246130823090176.jpeg
1883192275855106479,"ההפיכה המשטרית הושלמה.
רק לשר המשפטים הסמכות לכנס את הוועדה לבחירת שופטים.
את הישיבה מחר כינסה, ללא סמכות, שרון בר-דוד, סמנכ״לית חטיבת שופטים ורשמים בהנהלת ביהמ״ש.
מינויו של יצחק עמית כנשיא העליון, אם יתבצע מחר בידי הוועדה שכונסה כך, ייעשה בהליך לא חוקי. https://t.co/XEdy23iDTN","מצג שווא. על שר המשפטים החובה לכנס את הועדה לבחירת שופטים. זה לא נתון לשיקול דעתו. זאת בהתאם לסעיף 7(א) לחוק בתי המשפט: ״ראה שר המשפטים שיש למנות שופט, יודיע על כך ברשומות ויכנס את הועדה״. מאחר ולא עשה כן, בית המשפט הוציא צו המורה על כינוס הועדה, בהתאם לחוק. 

he.wikisource.org/wiki/%D7%97%D7…",he,1883192269618008064.jpeg
1829114090997862455,בתקשורת השמאל שוב שיקרו... תיראו מופתעים. https://t.co/qdW68hvNQa,"בערוץ 14, מקום עבודתו של מר פתחי פורסם שישי ריבו סירב להופיע בטקס
x.com/TheSharkLady/s…",he,1829114085335560192.jpeg
1887537010849493272,החטופים מעזה חזרו במצב יותר טוב ממי שנחטף בידי הפרקליטות. https://t.co/ra2BZ9tGzb,"השוואה שיקרית.  הנגד החשוד שוחרר לביתו במצב רפואי תקין. לעומת זאת, על פי מערכת הבריאות , על החטופים החוזרים נראו סימנים של הרעבה הקיצונית שעלולים להתבטא בתופעות מסכנות חיים לצד פגיעה הרב מערכתית.

maariv.co.il/news/health/ar…",he,1887537005325692928.jpeg
1858614131836022959,"לא הבנתי.
מה קורה פה. 

אנחנו משלמים על הזבל הזה??? https://t.co/5RHNxW57o4","מדובר בפרק מסדרה תיעודית, ולא ""תוכנית הוקרה"" כפי שמוצג באופן שקרי בתמונה.
makan.org.il/content/makan/…",he,1858614124386664449.jpeg
1844101084211744974,"תמיכה במחבלים, זו לא היהדות שלי. https://t.co/iQuLAwbLQ2","המחבלים איימו על אנשי המסגד. לאחר שעזבו המחבלים את המסגד, המתפללים בו התקשרו למשטרה ודיווחו על המחבלים.

ynet.co.il/news/article/r…

haaretz.co.il/news/politics/…",he,1844101081581654016.jpeg
1876394392053010515,"למי שעדיין לא מבין איך צצות להן כל ""הערות הקהילה""...
ואלה מדברים על ""מכונות רעל"": https://t.co/45uR7auV7i","הטקסט שמגל צירף מדבר במפורש על מגיבים שיהדהדו יוצרי תוכן ליברלי על מנת לייצר דיון איכותי יותר סביב התכנים שלהם.

אין שום קשר להערות הקהילה שמטרתן 
סימון ותיקון של מידע מטעה או שגוי שפורסם בציוצים.

ככל שמגל ייצר פחות תוכן מטעה, כך הוא יתקל בפחות הערות קהילה.

isoc.org.il/netica/online-…",he,1876394389339049984.jpeg
1808037854297141620,"נפלנו על הראש לגמרי.
במו ידינו אנחנו משקמים את עזה. לפני פירוז.
ובעיקר את בתי החולים, כלומר מרכזי הטרור.

אדוני ראש ממשלה, עצור את האיוולת הזו. 

הפעם אי אפשר יהיה לומר שלא ידענו כמו עם שחרור מנהל מפקדת הטרור בשיפא אתמול. https://t.co/1Bsq7MHhgO","בצלאל סמוטריץ׳ הוא שר במשרד הבטחון ושר האוצר, וחבר בקבינט המדיני בטחוני.
ההחלטה הזו גם באחריותו.

he.wikipedia.org/wiki/%D7%91%D7…",he,1808037849679171584.jpeg
1904523454553936019,"אם אני אפול מבניין כך במקרה, או אם ייפול עלי מזגן באמצע שום מקום, אל תתפלאו ואל תאמינו שככל הנראה התאבדתי.. גם כל מיני קציני צה״ל שאיכשהו ניסו לספר או לחשוף משהו שקשור לתופת אוקטובר מתו כך פתאום. 
מה הולך פה?? https://t.co/UkNviAo9gE","מעבר לתיאוריית הקונספירציה, גוטליב חתכה את התאריך של הידיעה. מדובר בידיעה מ-26 במאי 2022 ואין לה שום קשר ל-7 באוקטובר 2023.

israelhayom.co.il/news/defense/a…",he,1904523446568022016.jpeg
1802796491347542148,"גלעד קריב עכשיו במליאה: 150,000 איש התייצבו הערב מחוץ לכנסת.
יש לנו עסק עם הוזים https://t.co/jeM9yjWEg9","התמונה המצורפת היא מלפני שההפגנה התחילה.
ניתן רלאות בקישור הבא תמונות מההפגנה:
x.com/RadmanMoshe/st…",he,1802796487899824128.jpeg
1880237974748893361,״כל המציל נפש אחת כאילו הציל עולם ומלואו״ https://t.co/bcv8Xseyk4,"בחודש אפריל לטענת ממשלת קטאר היה לניר ברקת חלק בטרפוד עיסקה לשחרור החטופים.
hm-news.co.il/462798/",he,1880237969908346880.jpeg
1745808974731964739,"מכתב התראה לכל מפיצי ומשתפי הפייק, שקרים ושנאה.
שמות נוספים מתווספים ונשלחים אישית.
הגיע הזמן לעשות לזה סוף. https://t.co/YlWICNAxJ3","הכחשתה של השרה את הדברים לא עולה בקנה אחד עם התגובה הראשונית מלשכתה לעיתונות שטענה כי השרה ""אכן אמרה את הדברים (ההצגה מתחילה)"" וכי הביאה פופקורן כי ""היא בדיאטה ולא רצתה לאכול בורקסים וכריכים"" 
ynet.co.il/news/article/r…",he,1745808968369250304.jpeg
1883579481983422957,"הודעה משותפת לסגן ראש הממשלה ושר המשפטים יריב לוין, לשרת ההתיישבות והמשימות הלאומיות אורית סטרוק, ולח״כ יצחק קרויזר:

היום התכנסה הוועדה לבחירת שופטים ו״בחרה״ כביכול נשיא לבית המשפט העליון.

אנחנו לא השתתפנו בדיון. בחירת נשיא לבית המשפט העליון בשעה שמרחפת עננה כבדה ביחס להתנהלותו https://t.co/qM5w1EPcbl","ההודעה של קרוייזר, לוין וסטרוק שיקרית לחלוטין. ראשית, המשטרה קבעה שאין חשד לפלילים במעשיו של עמית. שנית, ללוין אין ״סמכות״ לכנס את הועדה. מוטלת עליו החובה לכנס את הועדה, והוא מעל בתפקידו. לבסוף, הצו של בג״צ חוקי וניתן מתוקף סמכותו.

maariv.co.il/news/law/artic…
he.wikisource.org/wiki/%D7%97%D7…",he,1883579149551292416.jpeg
1780848979204583930,"נציגי היועמ""ש מודאגים מכך שאין למחבלים הארורים בכלא פירות, פינוקים וקינוחים.
זה פשוט לא יעלה על הדעת!
שמענו את החטופים שחזרו מהשבי, סיפרו על הרעבה קשה ותנאים לא אנושיים.
בושה וחרפה. https://t.co/5arTCycBm2","יש כאן הוצאה מהקשר נציגי היועמ״שית לא ״ מודאגים מכך שאין למחבלים הארורים בכלא פירות, פינוקים וקינוחים.״
נציגי היועמ״שית, שואלים שאלות על מנת להכין תשובה לעתירת בג״צ בנושא, השאלות היו חלק מדיון רב משתתפים בנושא שמטרתו הבנת התמונה העובדתית ועמדת בעלי המקצוע.
x.com/shemeshmicha/s…
",he,1780848972157915136.jpeg
1874717290442469591,"תדע כל אם עברייה, כי את הנזק החמור ביותר במלחמה בזירת ההסברה הסבה למדינת ישראל הפרקליטות הצבאית והעומדת בראשה, יפעת תומר ירושלמי. 

בחירתו של דובר צה״ל להותיר את האישומים החמורים והשקריים תלויים באוויר, ללא שום התייחסות עד לרגע זה, היא מחדל בפני עצמו.

לדראון עולם. https://t.co/jhgE7kJPm7","עמיחי שיקלי מתעלם מאחריותו הקולקטיבית והאישית כחבר קואליציה למחדלי ההסברה של הממשלה, ומנסה להטעות ולהסית את הקוראים כנגד הפרקליטות הצבאית שהינה גוף מקצועי שאינו קשור למערך ההסברה. 
13tv.co.il/item/news/poli…",he,1874717285706792960.jpeg
1802738693783822804,מצבה של ״ההתנגדות״. מאות בודדות בהפגנת המחאה עכשיו בירושלים. העם פשוט בז למחאה הזו. https://t.co/2cvGdRjQxa,"הכותב ידוע כמפיץ פייק ומידע כוזב, גם הפעם הוא לא איכזב ..
מדובר בתמונה לפני תחילת המחאה.
x.com/bodkim2022/sta…",he,1802738682366955520.jpeg
1868991664767090896,"העוול באוניברסיטאות חוצה כל גבול.

חייבים לשנות!

מסכימים? שתפו. https://t.co/jp6N7hMMDr","יש קריטריונים נוספים כמו מבחנים בבית הספר לקבלה ללימודי רפואה
limudim.psychometry.co.il/%D7%AA%D7%A0%D…

אין הוכחה לאפליה בקבלה באקדמיה והעדפת המגזר הערבי

אין הוכחה ש""אחמד"" כפרסונה ספציפית שהוצג בפוסטר אכן קיים במציאות",he,1868991657787424768.jpeg
1869009130515726564,"מפלגת בג""ץ! https://t.co/L0eVikcEsC","שמחה רוטמן מוביל (מינואר 2023) ניסיון לביצוע רפורמה משפטית שתצמצם את סמכויות בתי המשפט. קשירת אמון או חוסר האמון של הציבור על פי שיוך למפלגה משרת את מטרתו.

he.wikipedia.org/wiki/%D7%94%D7…

ynet.co.il/news/article/s…",he,1869009128254832640.jpeg
1877310903009345537,"חשיפה מטורפת | ""מסתירים מהציבור את אחד מהפרשיות הביטחוניות החמורות בתולדות ישראל""

שמעון ריקלין ל@fathizimri: ""הסיפור של פלדשטיין הוא הסחת דעת, הוא לא הסיפור החשוב. יש סיפור נוסף והוא המשמעותי ביותר: באוקטובר, לאחר הטבח קם מישהו מאמ""ן שנקרא לו X, הוא בא לאותו קצין בכיר שלאחר מכן https://t.co/zHThN4Pao0","דיווח עיתונאי אמין מחייב מקורות מאומתים, אובייקטיביות, הפרדה בין דעה לעובדה, אחריות לפרסום, שקיפות והקשר רחב. הפוסט נשען על עדות יחידה (ריקלין) ללא ראיות, מציג נרטיב חד-צדדי, מטשטש בין דעה לעובדה, מתעלם מהשלכות ואינו מספק הקשר מספק.

he.m.wikipedia.org/wiki/אתיקה_עיתונאית?utm_source=chatgpt.com",he,1877310899670650880.jpeg
1871510953466253428,הבא בתור. https://t.co/KSFVYDQv3z,"בניגוד לנטען נתניהו חיזק את חמאס על ידי העברה של כסף אותו דאג לסדר אישית מקטאר
maariv.co.il/journalists/ar…

בנוסף נתניהו התעלם מאזהרות ביטחוניות בשבועות ובחודשים שקדמו ל-7.10
mako.co.il/news-politics/…",he,1871510937158529024.jpeg
1888292767773647025,"ראיתי את התמונות המזעזעות של החטופים היום -  ונזכרתי ביועמש""ית שביקשה לפני מספר חודשים שאתן פירות למחבלים בכלא... https://t.co/fRnsbdBpah","איתמר בן גביר התנגד לכל עסקאות החטופים. אם זה היה תלוי בבן גביר - אלי, אור ואוהד היו עדיין במנהרות החמאס.
 ynet.co.il/news/article/b…",he,1888292760790126592.jpeg
1888550650658660687,"בתקשורת בישראל:
הכלכלה קורסת, הצבא גמור, הממשלה לא מתפקדת והמצב הבנ״ל שלנו בשפל של כל הזמנים.

בזמן הזה מגזין פורבס מפרסם את רשימת המעצמות החזקות בעולם, המבוסס על מחקר שבוצע עם אוניברסיטת פנסילבניה ומכוני מחקר נוספים.
הפרמטרים שנבדקו: 
הנהגת המדינה, השפעה כלכלית, השפעה פוליטי, https://t.co/cuzJPfZLvj","הכותב שכח לציין שמדובר במאמר המהדורה ההודית של פורבס ולא פורבס העולמית, ושהם העתיקו הדביקו מUSA Today.

forbesindia.com/article/explai…

usnews.com/news/best-coun…",he,1888550634812575745.jpeg
1860758710664012067,https://t.co/pNgPKAphgS,"המדינה ממנת את ערוץ 14
calcalist.co.il/local_news/art…

ערוץ 14 מסית נגד הצבא בזמן מלחמה
the7eye.org.il/532706",he,1860758702376005632.jpeg
1742969515447611623,"כדי לסגור את היום הזה מבחינת צביעות ופרופורציות: אף קריקטורה, איור, קומיקס או שירבוט שנעשה ע""י בידרמן או רייכרט - לא הגיע לרמת ההסתה המפורשת של נתניהו עם חבל התלייה. אף איור שהסתובב פה היום לא מסית ככה לרצח מושא היצירה. 
ולזה קראו פה רבים ""אמנות"". https://t.co/gDozJ8ndI9","זו אינה קריקטורה והיא לא פורסמה בשום עיתון או גוף תקשורת. זו עבודה של סטודנטית בבצלאל שנענשה על כך וגם נחקרה במשטרה. הכותב מציין שאנשים טענו שמדובר ב""אמנות"" אבל לא מצאתי לכך שום מקור, להיפך, רוב גופי התקשורת מיסגרו את האירוע מיידית כהסתה. 
m.ynet.co.il/Articles/49225…",he,1742969508933902336.jpeg
1830673442779340851,"המען : יאיר לפיד
על החתום :  יאיר לפיד
חלם זה כאן..... https://t.co/J1XMAdpRFa","פייק. התמונה נערכה והנמען נמחק כפי שניתן לראות בציוץ של אריאל קלנר.

x.com/ArielKallner/s…",he,1830673440145031168.jpeg
1821505424840962181,"חשיפת חדשות 14 על פרשת שדה תימן מקבלת תפנית משמעותית: במסמך שנחשף הבוקר בדיון בבית המשפט עולה חוות דעת רפואית של הפרופ׳ הבכיר אלון פיקרסקי, לפיה המחבל בוודאות לא נאנס ורחוק מכך: ״בלא כל עדות לפגיעה בפי הטבעת, תומך בהחדרה עצמית ולא על ידי גורם חיצוני״. https://t.co/G8rOpvF39y","חשוב להבהיר שלא מדובר בקביעה סופית אלא בחוות דעת של מומחה מטעם צוות ההגנה במשפט, אשר לא בדק את המחבל הפצוע. 

x.com/BenCaspit/stat…",he,1821505412522205184.jpeg
1840121663276396877,"למה הם עם פרצוף 
של ״שוב ביבי הצליח״?!? https://t.co/w3Y7fXxkaJ",התמונה לא מאולפן שישי של הסופ״ש הנוכחי - למעשה גיא פלג ואמנון אברמוביץ לא היו באולפן שישי בסופ״ש האחרון בזמן ההודעה על חיסול נסראללה x.com/michalpeylan/s…,he,1840121655399452672.jpeg
1803397444387918254,"לא אוהבת הפגנות בקיסריה. לא מאמינה באפקטיביות שלהן, והן ממררות לשכנים ולי את החיים. מחר מתקיימת הפגנה כזו עם הסעות שיוצאות מלא פחות מ-44 נקודות איסוף, בעלות מסובסדת של 40 ש""ח לאדם. אנשים זכאים לאמונות הפוליטיות שלהם, אבל אל תספרו לי שלא מעורב בזה כסף גדול. https://t.co/Ln4Grwd8LQ","ההסעות אינן ממומנות על ידי אף גורם. כל מפגין ומפגינה קונים כרטיס, כך היה ברוב אם לא כל! ההסעות להפגנות. 

רוב האירועים ולא מעט משלטי החוצות בהפגנות ממומנות על ידי מאות אלפי המפגינים. הכותבת מפיצה פייק מציאות בשביל להכפיש. 

כאן ניתן לקנות (!) כרטיס להסעות

hafganot.org/transport?k=do…",he,1803397395348078592.jpeg
1860259372019929213,"שיעור האוטיזם ביהודים בדיוק פי שניים מבערבים על פי הלמ""ס.
מה ההסבר המדעי?
ברית המילה מעלה את שיעור האוטיזם בדיוק פי שניים בגלל מתן האקמול בברית. על פי המאמר המצורף מנורווגיה. 
חשוב להיות מודעים לנזקי האקמול בהריון וילדים. 
https://t.co/H7ebXtAOJI https://t.co/QgtLE14x1G","המחקר הינו דני ולא נורווגי
המחקר לא מצא קשר בין אקמול לאוטיזם, הוא מציין בסופו שמדובר בקשר שצריך לבדוק אותו אך הוא לא יכל לבדוק אותו עקב מחסור בנתונים
x.com/tom_sadeh/stat…",he,1860259364050759680.jpeg
1867986577751752962,עוכר ישראל שרוצה להביא עלינו עוד 7.10. יש לעצור אותו לחקירה על הסתה לסרבנות למען יראו וייראו. https://t.co/O2GH6cnOwX,"הקשר חשוב:
השר קרעי מקדם את חוק הפטור מגיוס שיאפשר לאלפי מועמדי גיוס חרדים לסרב לגיוס לצה""ל בכל שנה.
kan.org.il/content/kan-ne…",he,1867986572911480832.jpeg
1875956744830214279,מעל 300 אמהות ללוחמים קוראות לנשיא לתת מיד חנינה למילואיניק רוזנפלד https://t.co/5pbP6yJAzk,"ברשימה לא מעט שמות מפוברקים כגון:

בית הגרב, בית יהודי על הים, contact name, ולא מעט כפילויות. 

ברשימה גם כמה ״אמהות״ בשם חגי, יחיאל, בנימין, יעקב ואייל.

זו אינה הפעם הראשונה שמגל מפרסם פייק:

the7eye.org.il/539642 the7eye.org.il/52273 b.walla.co.il/item/3706714
ice.co.il/media/news/art… ",he,1875956738270117888.jpeg
1790746431281631479,התומך הטרור הזה הגיש עליי תלונה לועדת האתיקה בכנסת על כך שכיניתי אותו תומך טרור... האירוניה מתה https://t.co/IREd6pXNMD,"איתמר בן גביר הורשע בתמיכה בארגון בטרור.

בשנת 2004:
globes.co.il/news/article.a…

בשנת 2007:
ynet.co.il/articles/0,734…",he,1790746420036644864.jpeg
1776697543784624562,"הדם שלה ליטרלי על הידיים שלהם.
קפלן זה טרור.
טרור זה קפלן. https://t.co/2sMda8CqQ3","על פי סרטון מההפגנה, שוטר גרר הצידה מפגין אחורנית, מה שגרם לו לפגוע בטעות בפניה של השוטרת. הוא לא ראה אותה, ולמעשה הרים ידיים ולא נראה שהתנגד כלל כשהשוטר תופס וגורר אותו.

twitter.com/Bar_ShemUr/sta…",he,1776697540391419904.jpeg
1866097117590073566,🇮🇱🇮🇱🇮🇱 https://t.co/HUuLQ6nHMO,"חיים לוינסון בדק וזה לא פורסם באיראן אלא על ידי מתנגד משטר גולה עם חשיפה נמוכה

x.com/chaimlevinson/…",he,1866097111122493440.jpeg
1850617154602688573,"חוק הגיוס, דפנה. אין חוק פטור, ולא יהיה חוק פטור. חוק הגיוס יכניס לצה""ל אלפי לוחמים ותומכי לחימה. https://t.co/k9IFp4wG55","חוק הגיוס, או בשמו המלא חוק שירות בטחון, נחקק ב-1986 וגרסאות קודמות שלו קיימות מ-1949. החוק אליו מתייחס ח""כ אדלשטיין נועד לתקן את החוק הקיים ולהסדיר את הפטור מגיוס למרבית החרדים. 

nevo.co.il/law_html/law01…
he.wikipedia.org/wiki/%D7%97%D7…",he,1850617148529348608.jpeg
1842226309075787785,"בדקתי:
האוטובוסים למילואימניקים בצו 8 שייכים למערך ההיסעים ""נעים בסופ""ש"" פרוייקט התחבורה הציבורית של מספר עיריות מקומיות, כלומר של מדינת ישראל, הוא ממומן מכספי הארנונות, כלומר מכספי מדינה, והוא לא של אף אירגון כזה או אחר שאוהב לגנוב קרדיטים.
תודה ונסיעה טובה ובטוחה לחיילינו. https://t.co/cREtBoh2bw","בניגוד לטענה שבציוץ, מיזם התחבורה הציבורית ״נעים בסופ״ש״ אינו ״של מדינת ישראל״ משום שאינו נתמך על ידי הממשלה.

המיזם מופעל על ידי מספר רשויות מקומיות, מרביתן בגוש דן, ונטל מימונו מוטל עליהן בלבד, מכספי תושביהן (כאשר על פי החוק אסור להפעיל תחבורה ציבורית בימי המנוחה בתשלום).

he.wikipedia.org/wiki/%D7%A0%D7…",he,1842215815090774016.jpeg
1873267968278446416,"תיראו מה זה, יש כאלו שאחראים לשביעי באוקטובר ולהם כן מותר להם לחגוג עכשיו https://t.co/krmSAmsFk5","הכותב מציג מצג שווא. בניגוד לעולה מהפוסט, ראש השב״כ רונן בר לא נכח באירוע המדובר

celebs.walla.co.il/item/3715033",he,1873267962947190784.jpeg
1754179083032781213,"נצחון לתפילין!
בשבוע שעבר, בעיצומה של המלחמה גרר אותי רון חולדאי לבית המשפט. הוא תבע אותי וטען שהוצאתי את דיבתו כאשר הבעתי שאט נפש מההגבלות של עיריית תל אביב נגד ההגבלות להנחת התפילין במרחב הציבורי בתל אביב. https://t.co/b8pr2shyZR","התביעה נדחתה בהסכמת הצדדים לאחר שמירי רגב סירבה לוותר על חסינותה

kan.org.il/content/kan-ne…",he,1754179077718650880.jpeg
1878516241536516200,"דדי שמחי ואני מודים למארגנים על דיון ""אוביקטיבי"" במעמד צד אחד, בלי להזמין אף אחד מאתנו. דיון שאמור לכאורה לספק למשתתפיו הרבים פרספקטיבה רחבה ואוביקטיבית על נושא החוק לוועדה למינוי שופטים, שאנחנו בין יוזמיו. 

אין לנו ספק שתייצגו נאמנה גם את דעתנו ותעמיקו בהסברים ותקפידו שהציבור https://t.co/JrLJVaCd73","הקשר חשוב: רק בחמישי האחרון כותב הפוסט השתתף בזום של יאיא פינק בו הוא דיבר על היוזמה של לוין-סער. וידאו מצורף בלינק

x.com/iloveisraell/s…",he,1878516232665681920.jpeg
1874509458346299450,"רוח חוק השידורים החדש כבר מורגשת בשוק!

היום הושק ערוץ הכלכלה הראשון בישראל, שישדר מסביב לשעון תכנים כלכליים איכותיים ומעשירים לכלל הציבור.

זהו צעד נוסף במהפכת התקשורת שאנו מובילים – ליצירת מגוון תכנים המותאמים לצרכים האמיתיים של הצופים, תוך קידום שקיפות, חדשנות ותחרותיות. https://t.co/zN1iaJJkFb","הערוץ בבעלות מי שמחזיק בערוץ 14 וניתן להניח שיש לו מטרות דומות: תעמולה עבור נתניהו.
אין שום סיבה להניח שהתכנים יהיו איכותיים כפי שטוען קרעי.
קרעי מתכנן לסגור את הערוצים האיכותיים בתאגיד.

israelhayom.co.il/culture/tv/art…
",he,1874509452444856320.jpeg
1883194351532331201,"עדכון: יש עסקה. נתניהו הביא אותה, נגד הבייס שלו וגם שילם מחירים פוליטיים כבדים למענה. רוב ״הממשלה הפאשיסטית״ הצביעו בעדה. אבל כת קפלן ממשיכים לשרוף כבישים וחוסמים את איילון דקות לפני שבת וגורמים למאות נהגים דתיים לחלל שבת בניגוד לאמונתם. מה הם רוצים לכל הרוחות?! https://t.co/ijLzJVJFO8","הקשר חשוב: מדובר במחאה של משפחות החטופים. הם רוצים את החזרת יקיריהן שנמצאים כבר מעל 440 ימים בשבי החמאס. את המחאה הובילו משפחותיהם של מתן צנגאוקר, איתי סבירסקי, דרור אור, עופר קלדרון ואברהם מונדר.

news.walla.co.il/item/3721815",he,1883194346305912832.jpeg
1896445468747698583,"אגם ברגר הלילה בקבר יוסף הצדיק, החטוף היהודי הראשון - ""את אחי אנוכי מבקש""
וואו.. https://t.co/NGPr4eXJHa","
על פי מירב הפרשנים - רש״י, הרמב״ן, אור החיים, אבן עזרא ועוד - יוסף לא נחטף, אלא נמכר על ידי אחיו. 

״""אֲנִי֙ יוֹסֵ֣ף אֲחִיכֶ֔ם אֲשֶׁר־מְכַרְתֶּ֥ם אֹתִ֖י מִצְרָֽיְמָה"". (בראשית, פרק מ""ה, פסוק ד')

w.wiki/DGxA
",he,1896445466155335680.jpeg
1814719888860086534,"""עוּרִי צָפוֹן וּבוֹאִי תֵימָן הָפִיחִי גַנִּי יִזְּלוּ בְשָׂמָיו יָבֹא דוֹדִי לְגַנּוֹ וְיֹאכַל פְּרִי מְגָדָיו."" https://t.co/1Zr5vu4qQD","המילה ""תימן"" בשיר השירים לא מתייחסת למדינת תימן בשום צורה
mgketer.org/tanach/30/4/16
",he,1814719886771249152.jpeg
1833607286016643433,"לא הבנתי
ועדת החקירה האלטרנטיבית הזאת שנראית כמו בדיחה עם מסקנות כתובות מראש ושתולה על הקיר באופן לא חוקי את סמל המדינה, היא עכשיו ""של המשפחות השכולות""?
מה זה הקשקוש הזה? https://t.co/LQ5imIdfSl","חלק מיוזמי ועדת החקירה האזרחית הן משפחות שכולות:
חבר הועדה ראש עיריית בית שאן לשעבר רפי בן שטרית הוא אבן שכול, אייל אשל אביה של התצפיתנית רוני אשל ז״ל הוא מיוזמי הועדה.

maariv.co.il/news/politics/…
he.wikipedia.org/wiki/%D7%95%D7…",he,1833607279670620160.jpeg
1908399236133044717,"שופט בית המשפט המחוזי בלוד - דרור ארד אילון!
זה השופט אשר קיבל את ערעור המשטרה והאריך את מעצרו של יונתן אוריך!
הידעתם שהוא אחיו של אייל ארד? סתם נזכרתי פתאום! https://t.co/mxcAp7cKw1","פייק מוחלט. השופט שדן בערעור על שחרורם של אוריך ופלדשטיין ממעצר היה שופט המחוזי מיכאל קרשן

ynet.co.il/news/article/h…",he,1908399233599680513.jpeg
1812348922146267405,ניסיון ההתנקשות בנשיא טראמפ הוא תוצאה ישירה של מסע ההסתה והדה לגיטימציה המופרע נגדו. בישראל מסע הסתה זהה להחריד מתנהל כנגד רה״מ נתניהו ונהנה מחיסיון מלא של היועמ״שית ומערכת אכיפת החוק אך ורק מכיוון שהוא מגיע מהכיוון ״הנכון״. חרפה. https://t.co/mlpiBzUVMb,"היורה הינו חבר מפלגה רפובליקנית כך שההסתה מגיעה מבית מפלגתו של טראמפ.

מקור:
ynet.co.il/news/article/h…

",he,1812348913816367104.jpeg
1872188491251290595,"שחרור חטופים? השר מעוצמה יהודית טוען: ""אין דבר יותר חשוב כעת מהדחת היועמ""שית""
https://t.co/YDvWlKAdDd https://t.co/QYPlGNWGG8","בניגוד לדבריו של השר אליהו, רוב הציבור בישראל חושב שהדבר הכי חשוב הוא שחרור החטופים, כך עולה מהסקרים האחרונים 

69% מהציבור בישראל חושב שהדבר החשוב ביותר הוא לחתום על עסקה לשחרור החטופים: mako.co.il/news-politics/…

רוב מוחלט של הישראלים (74%) סבורים שעל ישראל לחתור כעת לעסקה מלאה של החזרת כל החטופים: m.maariv.co.il/news/politics/… ",he,1872188299567050752.jpeg
1854059333186719963,"זה היחס האמיתי בין פרוגרסיבים לבין בני אדם. קומץ הכתמים הכחולים עושים את כל הרעש בכל מדינה במערב. זכרו את התמונה הזו 
הפרוגרס הוא תרמית פירמידה. ולפעמים היא מצליחה אבל היא תמיד תרמית https://t.co/sy4oWy9ph6","
המפה היא מפת מחוזות ומייצגת בעיקר שטחים ריקים
ריכוזי האוכלוסיה כלומר ערים נמצאות באיזורים הכחולים במפה ולכן היחס הוא קרוב יותר ל50-50 בין דמוקרטים לרפובליקנים.

researchgate.net/figure/United-…",he,1854058990977921025.jpeg
1830236203209097508,"תופעה מדאיגה: מורים ערבים החלו ללמד בבתי הספר הממלכתי דתי

לכתבה - https://t.co/322pASlHxk

צילום: חיים גולדברג, פלאש 90 https://t.co/xsPJct9N5G","ערוץ 14 מספק גזענות טהורה לצופיו. כדאי לזכור שבארה""ב, שילוב מורים שחורים בבתי ספר עם רוב לבן לאחר ביטול ההפרדה הגזעית בשנות ה-60 הוביל לשיפור הישגים ולהפחתת מתחים בין-גזעיים.

medium.com/@nsjersey/the-…",he,1830236200629592064.jpeg
1757782890069336089,ידע הציבור וייזהר! https://t.co/EiVjBaPDFf,"• שטראוס העלתה מחירים ופיטרה עובדים:
‪mobile.mako.co.il/news-money/con…‬

• לפי בדיקת מקורות עצמאיים, ״רמי לוי שיווק השקמה״ העלה מחירים בצורה ניכרת, אך הוחסר מהרשימה על ידי השר, שלטענתו, מתחזק עימו ״חברות יקרה״:
m.calcalist.co.il/Article.aspx?g…

‪x.com/nirbarkat/stat…‬",he,1757782884125966336.jpeg
1903536259408040152,"נתניהו הביא הערב הוכחות לאירוע מטורף:

ראש המשטרה החשאית והתובעת הכללית קשרו קשר נגד הדמוקרטיה.

בתמונה:
דיפ סטייט https://t.co/abCdTQWQNM","על פי דפנה ליאל, הבקשה לתגובה על פרשת קטארגייט הוגשה על ידי ⁦עופר חדד ב-9.2 ומכתבו של נתניהו לרונן בר בדרישה להאיץ את הגשת התחקירים נשלח למחרת, ביום שנחשפה הפרשה

x.com/daphnaliel/sta…",he,1903536247102173184.jpeg
1876762244471525674,"צה""ל בגלגולו הנוכחי הוא הצבא היחיד בעולם, ואולי בהיסטוריה, שמפקדיו לוחצים באגרסיביות שוב ושוב על הדרג המדיני להפסיק להילחם, להתפשר (שלא לומר להיכנע) ולהפעיל אותם כמה שפחות.

אלה לא סוסים עצלים - אלה סוסים שדוהרים לאחור; וכשזה המצב, נדרש ניקוי אורוות דחוף ויסודי. https://t.co/Q0LcVjOyB8","הכותב מציג מצג שווא כאילו מפקדי צה״ל הם ״סוסים עצלים״ אל מול דרג מדיני לוחמני. 

ישנן לא מעט דוגמאות בהן מפקדי צה״ל הם אלו שלחצו לפעולה צבאית ודווקא הדרג המדיני בראשות נתניהו נמנע מכך.

כניסה לבנון:
news.walla.co.il/item/3679989
13tv.co.il/item/news/poli…

חיסול נסראללה:
haaretz.co.il/news/politics/…

כניסה לרפיח:
now14.co.il/article/948324",he,1876762241933971456.jpeg
1902015898514346146,https://t.co/6FtZ1Vunxs,"Na semana passada tivemos um caso absurdo de racismo em uma competição que é gerida por Alejandro Dominguéz.

A punição foi leve e houve muita repercussão.
Mesmo depois disso, o Presidente fez uma piada racista e comparou os times brasileiros a um macaco.

tntsports.com.br/amp/futebolbra…

agenciabrasil.ebc.com.br/radioagencia-n…

g1.globo.com/google/amp/fan…",pt,1902015888846471168.jpeg
1909451482052571284,Victor Sarro afirma que viu Lucas Guedez (gay) e MC Cabelinho (hétero) se beijando durante uma festa na casa de Anitta. https://t.co/JNhW87S7Zj,"O próprio humorista desmentiu a história e disse se tratar de uma piada: 

x.com/victorsarro/st…",pt,1909451476642021376.jpeg
1922085916786528384,"E o CNPJ, nada de punição? https://t.co/utBZTlOKC5","notícia desatualizada 

O engenheiro já foi desmentido pela perícia da polícia 


uol.com.br/esporte/futebo…",pt,1922085914047614976.jpeg
1886158768087388595,"Nunca vestiu camisa de outro clube pra se aparecer, nunca fez polêmica e sempre esteve lá sendo decisivo quando precisaram dele

O Bruno Henrique sabe ser ídolo do Flamengo. Um dia vai receber seu devido valor. https://t.co/zjaN0Yf8wQ","Stake"". Algo que vai contra as diretrizes do X por ser um anúncio não divulgado de um serviço de apostas, que é proibido por aqui no ""X"".

help.x.com/en/rules-and-p…
Link casa de apostas: stake.com",pt,1886158763033243648.jpeg
1907521116706582864,"🚨COLLAB? Bad Bunny posta trecho de ""Romeo"" e fãs supõe feat com Anitta. https://t.co/lerZwM0I04","Esse trecho é da música Perreo Baby(2002) da dupla porto riquenha Hector & Tito. Bad Bunny, que também é porto riquenho, usa sample da mesma na sua música EoO(2025).

genius.com/Bad-bunny-eoo-…",pt,1907521113468383232.jpeg
1921317684068618558,"URGENTE: 

Ednaldo Rodrigues é EXPULSO da presidência da CBF. 

📰 Leo Dias https://t.co/C0HBvWKEdD","Não há nenhuma confirmação sobre a expulsão de Ednaldo da CBF.
No Portal Leo Dias a única matéria sobre é de uma reunião extraoficial convocada na CBF. E dias atrás, o STF negou pedido de afastamento do presidente da CBF

portalleodias.com/esportes/em-me…

ge.globo.com/futebol/notici…",pt,1921317678297329664.jpeg
1878504581052694871,NOVO CASAL? Luciana Gimenez (55 anos) e a atriz Júlia Gomes (22 anos) estão supostamente se relacionando. https://t.co/d4ojbqA571,"É fake ! Julia Gomes já desmentiu qualquer envolvimento amoroso com Luciana 

instagram.com/julinhagomes?i…",pt,1878504526178578432.jpeg
1913955469992804651,"Propõe-se que o país tenha casas que se possam pagar e os liberais indignam-se. Os tetos nas rendas funcionaram noutros países, como a Alemanha e os Países Baixos. Esta é a garantia que deixo na entrevista de hoje: os tetos nas rendas funcionam e fazem falta a Portugal. https://t.co/RWFMyLC5Mf","Tetos das rendas não funcionaram nem na Alemanha nem nos Países Baixos. 

bloomberg.com/news/articles/…

naahq.org/berlins-rent-c…",pt,1913955456810094592.jpeg
1885304624678125697,"Eu só consigo lembrar dessa foto nesse momento…

ABSURDA! https://t.co/UxyEATLrmN","Este post contém um anúncio oculto do site de apostas ""Stake"". Algo que vai contra as diretrizes do X, pois é um anúncio não divulgado de um serviço de apostas, o que é proibido aqui no ""X"".

help.x.com/en/rules-and-p…",pt,1885304610098679808.jpeg
1927671389051408796,"O @CharlaPodcast escolheu um historiador transvestido de torcedor para falar merda sobre o Vasco e exaltar a “linda história de pioneirismo” do FluminenC.

É que nem botar um terraplanista para falar sobre ciência. https://t.co/HOHXIaZYIi","Thiago é graduado em Comunicação Social pela Pontifícia Universidade Católica do Rio de Janeiro (PUC-Rio) e em História pela Universidade Estácio de Sá. Também tem pós-graduação em História do Brasil e é mestre pela FGV. Possui diversos livros sobre futebol, todos com fontes. 

pt.m.wikipedia.org/wiki/Thiago_Go…",pt,1927671378234191872.jpeg
1924975344072765718,"Careca do INSS /// Careca do Bolsonaro

Hoje, CINCO carros de luxo do 'Careca do INSS' avaliados em mais de R$3 MILHÕES foram apreendidos pela PF. O mesmo 'Careca', apontado como operador do esquema no INSS, fez doação para a campanha de Bolsonaro em 2022. https://t.co/KY53ZwXNbU","Post enganoso, a foto em questão, aonde o ex Presidente Jair Bolsonaro da carona ao ""Careca do INSS"" foi gerada por IA, na foto original, quem aparece na garupa de Bolsonaro é o Coronel Menezes (PL), ex-candidato ao Senado pelo Amazonas.

noticias.uol.com.br/confere/ultima…",pt,1924974752419999744.jpeg
1891516257259704419,Antes e depois dos logos das emissoras após a instituição da tv a cores no Brasil https://t.co/NRojQ4dLrB,"Nenhuma das logos da Globo são da época da transição da TV a cores no Brasil, que aconteceu em 1972; as logos apresentadas são de 1976 e 1986, respectivamente. À época da mudança de cores, a Globo tinha um desenho de globo terrestre como logo.

redeglobo.globo.com/vem-ai/noticia…
agenciabrasil.ebc.com.br/geral/noticia/…",pt,1891516254843768832.jpeg
1933538790687023110,Minha avó nos anos 60 mogga 90% dessa rede social https://t.co/NLfj0TGEcl,"Essa não é sua avó. Essa foto tem rodado pelas redes com edições de pessoas que alegam fazer parte da família e editam a imagem e história de Orazilda.


vm.tiktok.com/ZMSHF3dbu/

x.com/opheliapoem/st…",pt,1933538787235176448.jpeg
1881128661593862452,"É assustador pensar que se Neymar não tivesse plantado aquela câmera escondida aqui, provavelmente estaria preso https://t.co/XiLSSLFsgk","Não foi Neymar quem plantou a câmera, mas sim a agressora Najila de Souza.

g1.globo.com/google/amp/sp/…

uol.com.br/esporte/futebo…",pt,1881128657860616192.jpeg
1877353963818815593,"Botafogo espera fechar 2024 com faturamento recorde: cerca de R$ 700 milhões.

O valor inclui as vendas de Almada e Luiz Henrique. O Glorioso espera receber cerca de R$ 250 milhões pela dupla.

O montante também envolve premiações de campeonatos, direitos de transmissão, https://t.co/Hz1ODlgNUp","Luiz Henrique não foi vendido ainda. E pela norma CPC 47, o registro de uma transação deve ser feito no período em que ela ocorre. Portanto, um jogador vendido em 2025 não pode ter sua venda registrada no balanço de 2024. 

cfc.org.br/wp-content/upl…",pt,1877353959607713792.jpeg
1912870408157569460,"🚨URGENTE: Telescópio Espacial James Webb da NASA detecta evidências de vida fora da Terra. 99,7% de chance de ser real. 'A evidência mais forte até agora' 🤯 https://t.co/9t73LHssu4","A alegação de 99,7% de chance de vida em K2-18b é enganosa. 
O estudo detectou possíveis bioassinaturas (DMS, DMDS) com 2,9-3,2 sigma, longe de confirmação. Cientistas pedem cautela; mas mais dados são necessários.

Fonte: bbc.com/portuguese/art…

",pt,1912869731209478144.jpeg
1876577400244592908,o que ele quis dizer… https://t.co/KzBSCYXbkX,"Esse tweet contém um anúncio oculto da casa de apostas ""Stake"", algo que não é permitido pelas diretrizes de publicidade do X.

help.x.com/en/rules-and-p…",pt,1876577388332539904.jpeg
1890396682514268292,@samengo_ofc agora tá certo https://t.co/Yq5REXeumr,"Este post contém um anúncio oculto do site de apostas ""Stake"". Algo que vai contra as diretrizes do X, pois é um anúncio não divulgado de um serviço de apostas, o que é proibido aqui no ""X"".

help.x.com/en/rules-and-p…
",pt,1890396671680348161.jpeg
1889364940680495336,"MEU DEUS! Entre os dias 12 e 21 de fevereiro, a sensação térmica no Sudeste, Nordeste, Sul e Centro-Oeste pode chegar a 70 GRAUS. https://t.co/FCiOs4wxKB","É falsa a informação que a sensação térmica pode chegar a 70° C. O modelo utilizado pela reportagem da CNN foi baseada em temperatura e a umidade relativa do ar. Porém as métricas usadas estão incorretas e a notícia foi desmentida pelo portal autor da tabela, o Clima Tempo:

climatempo.com.br/noticia/calor/…",pt,1889364937778089984.jpeg
1881006922993954827,"ELE ADAPTOU 

QUE JOGADOR ABSURDO PUTA QUE PARIU https://t.co/oVqNvuoicP","Esse post contém um anúncio oculto do site de apostas ""Stake"". Algo que vai contra as diretrizes do X por ser um anúncio não divulgado de um serviço de apostas, que é proibido por aqui no ""X"".

help.x.com/en/rules-and-p…
Link casa de apostas: stake.com",pt,1881006916949684224.jpeg
1920437049334591764,"VERGONHA
Harvard devolve carta do secretário de educação de Trump com erros gramaticais. A ignorância é quesito básico na extrema direita. https://t.co/WzTA1Eolai","Na verdade, Harvard não devolveu a carta corrigida. As correções foram feitas por um usuário do Twitter.

otempo.com.br/mundo/2025/5/7…

yahoo.com/news/fact-chec…

",pt,1920437046029520896.jpeg
1927453005441360164,https://t.co/MK8JbirvNv,"A imagem que foi gerada por IA (inteligência artificial) retrata um pedido criminoso com base num texto racista. 

forbes.com.br/forbes-tech/20….",pt,1927452877515042817.jpeg
1889457545481241038,"🚨 Segundo o @Footy_Headlines, site especializado em vazamentos de uniformes, esta será a camisa especial do Palmeiras para o Super Mundial de Clubes. https://t.co/4cOZoD6cYi","A camisa mostrada na imagem já circula na internet a um bom tempo, sendo vendida antes mesmo de 2025 é produzida fora do país 

x.com/infos_palestra…",pt,1889457540699758592.jpeg
1893313650682675403,Liberdade cantou pro boladinho Vtnc porra seus arrombado 🖕🏿🖕🏿🖕🏿🖕🏿🖕🏿🖕🏿🖕🏿🖕🏿🖕🏿 https://t.co/0uLfrupXvz,"IMPORTANTE CONTEXTO: Boladin foi preso por tentativa de homicídio contra a namorada menor de Idade

g1.globo.com/google/amp/rs/…

cnnbrasil.com.br/nacional/sul/r…",pt,1893313645028777984.jpeg
1888679620003643491,"MALUCO

ISSO DAQUI DEVE TER DOÍDO PRA CARALHO, O LYANCO É LOUCO

KKKKKKKKKKKKKKKKKKKKKKKKKKKK https://t.co/ENwGB2hf0m","A publicação contém anúncios disfarçados do site de apostas ""Stake"". Isso vai contra as diretrizes do X.

help.x.com/en/rules-and-p…
business.x.com/en/help/ads-po…",pt,1888679612772675584.jpeg
1904709332039536964,"“Enquanto tiver corinthians na seleção a seleção brasileira fracassará.”

- Zito, em 1982. https://t.co/DoOLzIElNA","Não há qualquer evidência sobre Zito ter dito essa frase, uma simples pesquisa mostra isso. google.com/search?q=%E2%8…",pt,1904709327128055808.jpeg
1923043154120397076,https://t.co/QmYBtu3NMl,"O canal do ""Maionese"" é amplamente conhecido por seus ""click baits bons"", a thumb não passa de sátira, que ao assistir vídeo vemos que ele faz boa ações, como o auxílio de animais em situação de rua.
youtu.be/fZ8VgGbkO4U?si…",pt,1923043151486324736.jpeg
1933929137594339464,Influenciadora teve sua conta BANIDA do OnlyFans após criar conteúdos com MIL HOMENS em apenas 12 horas. https://t.co/xebnyAClya,"Importante contexto:

A decisão veio após Bonnie ser criticada por “promover a cultura do estupro"". 

Durante uma entrevista ao podcast de Kat Baker, ela disse que ficaria nua e amarrada em uma caixa de vidro, que estaria “aberta para o público” fazer o que quisesse com ela.

metropoles.com/colunas/pouca-…",pt,1933929134893174784.jpeg
1915962245495804227,"Collor se encontra está em péssimas condições e com superlotação. Segundo os juízes corregedores dos presídios de Alagoas em dados enviados ao Conselho Nacional de Justiça (CNJ), a Penitenciária Masculina Baldomero Cavalcanti de Oliveira, em Maceió (AL), tem capacidade projetada https://t.co/KDgBXljS8Q","A informação é falsa. O ministro Alexandre de Moraes, do STF, determinou que Collor vai ficar em uma cela especial. A cela tem seis metros quadrados. Collor vai ficar sozinho no espaço e terá à disposição dele uma cama de alvenaria, um vaso sanitário, um chuveiro e uma pia.

estadao.com.br/amp/politica/c…",pt,1915962238038331392.jpeg
1904555544502813069,Uma notícia incrível no início desta caminhada eleitoral. Desta vez vamos ganhar. Obrigado pela confiança! https://t.co/PHo6HJCmU8,"A publicação afirma que o Chega atingiu 20% numa sondagem recente da Aximage, mas não há registo de tal sondagem. A última conhecida, de fevereiro de 2024, indicava 16,4%. Verifique sempre as fontes antes de partilhar dados sobre sondagens.
rr.pt/noticia/politi…",pt,1904555536147734528.jpeg
1878940643382468694,Bad Bunny deixa a web sedenta em nova foto. 💦 https://t.co/28gmKoyh0v,"A foto não é recente. Foi um Storie do Instagram, publicado há mais de um ano.

instagram.com/badbunnypr?igs…",pt,1878940637719924736.jpeg
1878874563955843216,"Um dos palácios é onde funciona a Escola de Belas Artes, no Parque Lage, próximo ao Jardim Botânico. Aos pés do Cristo, o Palácio é um dos mais visitados pelos próprios cariocas para passeios diurnos. Lá também já ocorreram alguns shows. https://t.co/CKhvmH4gr1","A Escola de Artes Visuais do Parque Lage não pertence ou é filiada à Universidade Federal do Rio de Janeiro (UFRJ). 

pt.m.wikipedia.org/wiki/Escola_de…",pt,1878874521479880704.jpeg
1906124124818481235,"🚨 Ariana Grande fez uma parceria com o Spotify e está dando 3 meses de Spotify Premium para todos que ouvirem sua nova música ""twilight zone"" 10 vezes. https://t.co/ngV6oU8soI","Falso! Não existe nenhuma postagem do Spotify ou da própria Ariana Grande que comprovem isso.

instagram.com/spotify/

instagram.com/arianagrande/",pt,1906124114546290688.jpeg
1883590004896870607,"GOOOOOOOOOOOOOOOOOOOOOOOOOOOOOOOOOOOOOOOOOOOOOOOOOOOOOOOOOOOOOOOOOOOOOOOOOOOOOOOOOOOOOOOOOOOOOOOOOOOOOOOOOOOOOOL!

PQP GOLAÇO DE CRISTIANO RONALDO!

SIIIIIIIIIIIIIIIIIIIIIIIIIIIIIIIIIIIIIIIIU! 🐐 https://t.co/Uol5s19Vd7","Este post contém um anúncio oculto do site de apostas ""Stake"". Algo que vai contra as diretrizes do X, pois é um anúncio não divulgado de um serviço de apostas, o que é proibido aqui no ""X"".

help.x.com/en/rules-and-p…",pt,1883589990518542336.jpeg
1881389971061514268,"🚨🇺🇸 MEU DEUS! Barack Obama estaria tendo um caso com a atriz Jennifer Aniston (Friends) e deve anunciar o término de seu casamento com Michelle Obama em breve, segundo jornalista Jessica Reed Kraus. https://t.co/eGRSXyOHqa",FALSO. A própria atriz já desmentiu essa informação em entrevista recente x.com/annaisabellag/…,pt,1881386972607848448.jpeg
1923859767581090168,"🚨 Na sua opinião, como isso aconteceu? https://t.co/guWd8MKvgl","É falso que abaixo de 40 milhões de espermatozoides o homem é considerado infértil. A um: a contagem de espermatozoides considerada normal é igual ou superior a 15 milhões (OMS). A dois: a oligozoospermia (baixo número de espermatozoides) não indica infertilidade.

medicinareprodutiva.com.br/blog/dicas-de-…",pt,1923859761679732736.jpeg
1902127822589890570,"FINALMENTE! Nestlé ouve fãs e anuncia volta da receita original do ""Passatempo"" dos anos 90. https://t.co/SxcVpPj1AJ","A Nestlé não anunciou a volta da receita dos anos 90, mas sim uma NOVA similar à clássica.

nestle.com.br/media/pressrel…",pt,1902127406808248321.jpeg
1938046834389184874,"🚨BRASIL: O senador Romário (PL-RJ) propõe ‘Lei Juliana Marins’ para garantir repatriação de brasileiros mortos no exterior.

Lei de 1997 determina que o governo não cobre translado nem sepultamento de brasileiros mortos fora do país. https://t.co/cqhJXrIus9","A lei não é de 1997 e, sim de 2017.

De acordo com a lei 9.199/2017, a assistência consular não inclui o pagamento de despesas com sepultamento e translado de corpos de brasileiros falecidos no exterior, mas há EXCEÇÃO para casos de caráter humanitário (art. 257 § 1º). 

planalto.gov.br/ccivil_03/_ato…",pt,1938046827032416256.jpeg
1920500260213772487,Viram que Harvard devolveu carta de intimidação do Trump com correções ortográficas? Por isso que eles odeiam universidades. https://t.co/KFdVUt8tiT,"Harvard não devolveu a carta corrigida, as correções foram feitas por um usuário do Twitter.

otempo.com.br/mundo/2025/5/7…

yahoo.com/news/fact-chec…",pt,1920500258137677825.jpeg
1913265092507955229,"4. The Falling Man, tirada às 9h41 da manhã durante os ataques de 11 de setembro, captura a imagem assombrosa de um dos homens-bomba do World Trade Center. https://t.co/B4VbaIiTje","O homem caindo na foto não era um homem-bomba, mas sim um funcionário de um restaurante do World Trade Center que se jogou do prédio fugindo das chamas e fumaça, entre vários outros que assim fizeram.

pt.m.wikipedia.org/wiki/The_Falli…",pt,1913263369009635328.jpeg
1928923470680703153,"Jogadores com mais gols nas finais da Uefa Champions League:

🇵🇹 Cristiano Ronaldo: 4 

🏴󠁧󠁢󠁷󠁬󠁳󠁿 Gareth Bale: 3

🇪🇸 Sergio Ramos: 2

🇧🇷 Vinicius Jr: 2

🇫🇷Doue: 2

🇦🇷 Lionel Messi: 2 https://t.co/7UFyIRaOmL","Di Stefano e Puskas tem 7 gols em finais de Champions League. Portando a afirmação de que Cristiano Ronaldo é o jogador com mais gols em finais é completamente falsa. 

x.com/grok/status/19…",pt,1928923464506732544.jpeg
1914480074738348463,8 trabalhos remotos que pagam 70 $/hora… sem exigir experiência nem currículo : https://t.co/GmMzdcgjkl,A maioria dos trabalhos remotos sem experiência paga entre $15 e $30/hora e exige algumas habilidades. Recomendo verificar em sites confiáveis como Indeed ou LinkedIn e ter cuidado com links encurtados ou promessas exageradas. google.com/amp/s/valorinv…,pt,1914480043528429568.jpeg
1878520240943874113,"- Faça um gol numa final contra o Barcelona
- Comemore pedindo calma 

SENTARAM PRO MBAPPÉ https://t.co/tqgoB3uW0Z","Esse post contém um anúncio oculto do site de apostas ""Stake"". Algo que vai contra as diretrizes do X por ser um anúncio não divulgado de um serviço de apostas, que é proibido por aqui no ""X"".

help.x.com/en/rules-and-p…",pt,1878520235440922624.jpeg
1924162423621058626,Pelo amor de Deus alguém me diz que isso é mentira… https://t.co/SXqzVAYsYE,"Isto já foi verificado em outras postagens e trata-se de um artigo que não existe.

x.com/DemocraciaBR_J…",pt,1924162418474684416.jpeg
1937862612110233736,"🚨ATENÇÃO: Agam, o voluntário que foi até a Indonésia para resgatar Juliana, dormiu ao lado do corpo da jovem para que ela não deslizasse ainda mais no penhasco, e quando amanheceu, levou ela até o topo. https://t.co/DJSALzowCW","Não há confirmações de fontes confiáveis ou oficiais que de fato o voluntário ""dormiu ao lado do corpo"" para resguarda-la. Porém, Adam Rinjani foi um dos socorristas voluntários que participou no preparo e içamento do corpo para o resgate. 

Fontes: noticias.r7.com/internacional/…

google.com/amp/s/oglobo.g…

metropoles.com/viralizou/quem…",pt,1937862607660027904.jpeg
1881367102256484512,Maurício de Souza tacando o foda-se pros direitos autorais https://t.co/3bjiuVdAyD,"A primeira imagem foi digitalmente alterada, a original não tem a Hatsune Miku na tela do computador do Xaveco.
A original está aqui:

x.com/G_guy_cool/sta…
youtu.be/YOYMjwNTXnU?si…",pt,1881367099093774336.jpeg
1895263250465595554,"🎙️| Igão: Você decidia jogos e sempre o Messi que saía na capa dos jornais. sempre a imprensa babava o Messi e nunca você, isso foi motivo para você sair do Barcelona?

🎙️| Neymar: Não, isso não foi motivo (passa a mão na cara levemente envergonhado) https://t.co/6J3D4KVqua","Este post tem como objetivo difundir anúncios de casas de apostas. O que é proibido pelas regras do X.

help.x.com/en/rules-and-p…",pt,1895263236875788288.jpeg
1893785612408197498,"NEYMAR FEZ A COMEMORAÇÃO DO CRISTIANO RONALDO 

AURA PRA CARALHO. https://t.co/XjlTNCvyHj","Este post contém um anúncio oculto do site de apostas ""Stake"", algo que vai contra as diretrizes do X. É uma propaganda não expressa de um serviço de apostas, o que é proibido.

help.x.com/en/rules-and-p…",pt,1893785605559005184.jpeg
1878567399529611670,"1. A pornografia é a droga moderna mais perigosa da história.

Ela reprograma o cérebro, destrói sua confiança, saúde mental e relacionamentos.

Se você acha que não é algo tão grave, leia até o fim. Aqui estão os malefícios e como começar a mudar. 👇 https://t.co/wLwcSZYvKA","A imagem apresentada não tem nenhuma relação com uso de drogas ou pornografia.
Trata-se de um estudo mostrando benefícios de análise de imagem do cérebro no tratamento de transtornos psicológicos sem nenhuma relação com a alegação do post. 
researchgate.net/publication/51…",pt,1878559484701704192.jpeg
1894431737083498985,"Cristiano Ronaldo precisa fazer um gol antes dos primeiros 60 segundos de jogo, ele se tornaria o primeiro jogador na história a fazer gol em todos os 90 minutos de jogo TRES VEZES

Essa estatística é absurda. https://t.co/lufyJtlyfi","Este post contém um anúncio oculto do site de apostas ""Stake"". Algo que vai contra as diretrizes do X, pois é um anúncio não divulgado de um serviço de apostas, o que é proibido aqui no ""X"".

help.x.com/en/rules-and-p…",pt,1894431102393057280.jpeg
1901336237132099965,A MORENA TA VIVA https://t.co/NuHD1heNBz,"Essa foto é de junho de 2024 em Londres. Não é uma foto atual igual o post diz ser

dailymail.co.uk/tvshowbiz/arti…",pt,1901336223110635520.jpeg
1893430348182180064,"Cite um jogador que você achava que não era tudo isso, mas te fez mudar de ideia durante o tempo. 

Eu começo: Luka Modric https://t.co/QwjeitWfWs","Este tweet contém um anúncio oculto do Stake, que é contra as diretrizes do X por ser um anúncio não divulgado de um serviço de apostas, que é proibido no site.

help.x.com/en/rules-and-p…",pt,1893430342859542528.jpeg
1885292084560535592,"Vini x Time do ladrão da bola de ouro

Que Deus tenha piedade do Manchester City porque o Vini não vai ter

Ele vai pra cima com sangue no olho https://t.co/UiXUVWrjm2","Este post contém um anúncio oculto do site de apostas ""Stake"". Algo que vai contra as diretrizes do X, pois é um anúncio não divulgado de um serviço de apostas, o que é proibido aqui no ""X"".

help.x.com/en/rules-and-p…",pt,1885292078206210048.jpeg
1916885075586646389,A camisa vermelha da seleção brasileira ficou um absurdo. https://t.co/AOOSD3ZkZO,"Esta não é a nova camisa da seleção brasileira, sendo apenas uma simulação do que pode vir a ser.

nike.com.br",pt,1916885067378442240.jpeg
1878521243630031124,Solta meu pai 🖕🏿 https://t.co/zWL6N5Zbop,"O pai do rapper Mauro, vulgo Oruam, é Marcinho VP, antigo líder do Comando Vermelho que segue dando ordens na facção ainda que preso desde 1996 por tráfico de drogas e homicídios.

oglobo.globo.com/rio/marcinho-v…

estadao.com.br/amp/brasil/mar…

noticias.uol.com.br/cotidiano/ulti…",pt,1878521234033385472.jpeg
1882185833824067967,"Vini Jr: 

62 jogos
28 gols
20 assistências

Rivaldo:

73 jogos
27 gols
11 assistências

Esse menino é avassalador, meu Deus. https://t.co/33PFPva81K","Este post contém um anúncio oculto do site de apostas ""Stake"". Algo que vai contra as diretrizes do X, pois é um anúncio não divulgado de um serviço de apostas, o que é proibido aqui no ""X"".

help.x.com/en/rules-and-p…",pt,1882185783026626560.jpeg
1912665440981000334,SEGUE O LÍDER! 🐷🟢 O Palmeiras venceu o Internacional por 1x0 e se mantém na liderança do #Brasileirão2025. https://t.co/dt7rkjfWhi,"O post mente ao dizer que o líder do campeonato brasileiro 2025 é o Palmeiras, o líder do campeonato na verdade é o Flamengo pelos critérios de desempate.

ge.globo.com/futebol/brasil…

espn.com.br/futebol/brasil…",pt,1912665288438419456.jpeg
1908486859191173459,"No distrito de Setúbal, o CHEGA já ultrapassou a AD, alcança os 24 .1% e disputa com o PS o primeiro lugar nas eleições de 18 de maio. A mudança está nas nossas mãos! https://t.co/VNkEDoQYtJ","Não existem sondagens depositadas na ERC que comprovem os dados apresentados.
A publicação ou difusão pública de qualquer sondagem de opinião apenas é permitida após o depósito desta, junto da ERC, acompanhada da ficha técnica. 

erc.pt/pt/depositos/d…",pt,1908486849942728704.jpeg
1881809063316750844,"No atual momento Salah joga muito mais bola que o Raphinha mas no final título que conta mais

Qual te faria mais feliz ganhando a Bola de Ouro? https://t.co/loSx7dky5L","Este post contém um anúncio oculto do site de apostas ""Stake"". Algo que vai contra as diretrizes do X, pois é um anúncio não divulgado de um serviço de apostas, o que é proibido aqui no ""X"".

help.x.com/en/rules-and-p…
",pt,1881809055347355648.jpeg
1894794792099557407,"🚨ÚLTIMA HORA: O Papa Francisco ligou para o Hamas e expressou simpatia por Gaza.

Cristãos chocados e irritados em todo o mundo. https://t.co/vJl8F402vP","❌ FALSO: O Papa Francisco NÃO ligou para o Hamas nem expressou simpatia. O Papa está internado desde 14/02 com pneumonia. Ele tem feito declarações sobre o conflito pedindo paz e cessar-fogo, mas não houve contato direto com o Hamas.

vaticannews.va/pt/papa/news/2…

agenciabrasil.ebc.com.br/internacional/…",pt,1894794787745865730.jpeg
1897075546787283015,"""Após as criticas pesadas depois do teaser de Shrek 5, a DreamWorks desativou os comentários do vídeo, e dias depois decidiu refazer o filme, dublando e refazendo a animação com o estilo original, atrasando a obra para 2027.

Com sua agenda cheia e com as críticas pesadas, https://t.co/P4mH8urcCp","Não há prova de que Shrek 5 será refeito ou adiado para 2027, nem de que Zendaya saiu. Lançamento segue em 23/12/2026.
Fonte: NBC Insider - ""Shrek 5: Everything We Know"" .
people.com/shrek-5-everyt…",pt,1897075543759028224.jpeg
1891322689761259607,"O prefeito de Londres é muçulmano.

O prefeito de Birmingham é muçulmano.

O prefeito de Leeds é muçulmano.

O prefeito de Blackburn é muçulmano.

O prefeito de Sheffield é muçulmano.

O prefeito de Oxford é muçulmano

O prefeito de Luton é muçulmano.

O prefeito de Oldham é https://t.co/PFh0g0Y2J6","A postagem faz parte de uma corrente falsa, imprecisa e já desmentida. Além dos erros sobre a organização política do Reino Unido, o autor confunde Mayor com Lord Mayor, e cita políticos que já não estão mais no cargo ou não são muçulmanos.


reuters.com/fact-check/vir…

fullfact.org/online/muslims…

boatos.org/mundo/prefeito…

rtve.es/noticias/20250…

factcheckhub.com/fact-checking-…",pt,1891322686485438464.jpeg
1938978162261840315,"Está bonito... 😐

#LiveAlentejano https://t.co/Utug63gJWE","São 87 elementos, não 87000 como se informa no post.

Noticia real: jn.pt/8132857373/gan…",pt,1938978159174533121.jpeg
1918876407528145014,"Os maiores públicos de shows em Copacabana:

1️⃣ Rod Stewart: 3,5 milhões
2️⃣ Jorge Ben Jor e Tim Maia: 3 milhões
3️⃣ Anitta: 2,4 milhões
4️⃣ Lady Gaga: 2,1 milhões 
5️⃣ Madonna: 1,6 milhão 
6️⃣ The Rolling Stones: 1,5 milhão

Quem será o próximo? #LadyGagaNoMultishow https://t.co/NVf44Ts4aA","As fotos mostradas se referem a missa que o Papa Francisco celebrou em 28 de julho de 2013, por ocasião da 38ª Jornada Mundial da Juventude e não possui relação com nenhum dos shows informados, o que pode levar a uma associação equivocada. 

Autor da foto: Tasso Marcelo/AFP

em.com.br/app/noticia/na…",pt,1918876405028327424.jpeg
1887967198808862878,"Presidente Lula vai GARANTIR Netflix GRATUITA para TODO o povo brasileiro. 

- Teremos MAIS de 400 filmes TOTALMENTE DE GRAÇA para assistir na nova plataforma do Governo! 

COMPARTILHEM AO MÁXIMO!!!🕹️📺🇧🇷🚀 https://t.co/25hY2RbS2b","Na verdade, o governo não vai oferecer a Netflix gratuitamente. Provavelmente a intenção do autor foi fazer uma correlação com o famoso serviço. Mas o fato é que o Ministério da Cultura vai lançar uma plataforma ""do tipo Netflix"", com centenas de filmes gratuitos.

cbn.globo.com/cultura/notici…",pt,1887967135374204928.jpeg
1888715846488338449,Qual vocês escolhem?? https://t.co/ieXvmVFFv9,"A postagem contém um anúncio oculto do site de apostas ""Stake"". Tal prática é proibida pelas políticas do X.

help.x.com/en/rules-and-p…",pt,1888715836711477248.jpeg
1884629519257993624,"Meu filho Matteo ama Mbappé, as vezes ele me diz “papai o Mbappé é melhor que você”
e eu digo “meu filho, seu pai tem muito mais gols que ele (risos)”

🎙️| Cristiano em entrevista com Edu Aguirre https://t.co/X5uwVPec1l","O post contém um anúncio disfarçado de um site de apostas. Isso vai contra as diretrizes do X.

help.x.com/en/rules-and-p…
business.x.com/en/help/ads-po…
",pt,1884629504502751232.jpeg
1881822187688173843,"inscreveram jogadores fora da regra e a la liga passou pano, tao devendo deus e o mundo e continuam contratando 

e infelizmente hoje sobrou pro benfica ter que aguentar esse roubo no proprio estadio diante da torcida

o dinheiro infelizmente manda e desmanda no futebol. https://t.co/KewApHJHuZ","Este post contém um anúncio oculto do site de apostas ""Stake"". Algo que vai contra as diretrizes do X, pois é um anúncio não divulgado de um serviço de apostas, o que é proibido aqui no ""X"".

help.x.com/en/rules-and-p…
",pt,1881822181866262528.jpeg
1888945074685292990,🚨URGENTE - Governo Lula vai taxar empresas de tecnologia se Trump impuser tarifas ao aço brasileiro https://t.co/T3ZiwcDVDy,"A Secretaria de Comunicação do Palácio do Planalto disse que o governo não irá taxar plataformas digitais em retaliação às tarifas do governo americano ao aço brasileiro.

www1.folha.uol.com.br/colunas/monica…",pt,1888945069379432448.jpeg
1878246465341944232,"Preço da garrafa de água nos ensaios da Anitta deixam os fãs assustados. Anitta que já afirmou que a agua deveria ser algo gratuito, vende uma garrafa de agua de 500 ml por 8 reais, no seu evento. https://t.co/PKNShpQAyL","O evento ""Ensaios da Anitta"" oferece água gratuitamente em diversos pontos de hidratação espalhados pelo local.

A venda de água é realizada apenas para aqueles que preferem adquiri-la.

x.com/PODNITTA/statu…",pt,1878246461948690432.jpeg
1880062323114799606,"🚨SAÚDE: Carne vermelha aumenta o risco de demência e declínio cognitivo, diz estudo de Harvard.

 A pesquisa, publicada na Neurology, analisou mais de 130 mil pessoas. Substituir a carne por outras proteínas pode reduzir o risco em até 20%. https://t.co/PxyN3VkBXZ","Postagem tendenciosa:
O título menciona carne e tem a imagem de um corte de cane, porém o texto se refere a carnes processadas, que recebem vários químicos e que prejudicam a saúde, que tão pouco tem a ver com a imagem vinculada.


oglobo.globo.com/google/amp/sau…",pt,1880062316403707904.jpeg
1878822981809713356,"O Nordeste foi a região que obteve mais notas 1000 na redação do Enem.

As regiões Sul e Norte não tiveram nenhuma nota máxima. https://t.co/KBQCetHepH","Na verdade, a distribuição de notas mil é:
Nordeste: 5
Sudeste: 5
Centro-Oeste: 2
Sul e Norte: 0

Ou seja, Nordeste e Sudeste  estão empatadasd com a mesma quantidade de notas mil (5)

g1.globo.com/educacao/enem/…

diariodonordeste.verdesmares.com.br/ceara/ceara-es…",pt,1878822937282633728.jpeg
1881332435549610464,"Acerto de Neymar com Santos é difícil mesmo com otimismo do clube e boa relação com estafe; entenda

👉 https://t.co/o2CsZaCMR5

#FutebolNaESPN https://t.co/NDTBpuiIee","Ao contrário do que aponta a matéria, diversos veículos da Imprensa Esportiva, pessoas próximas ao atleta e jornalistas de prestígio, confirmaram o acordo entre Santos e o atleta. Até mesmo o desejo do clube atual e seu técnico (Jorge Jesus), em facilitar esta vinda.

x.com/fabrizioromano…

ge.globo.com/sp/santos-e-re…
",pt,1881332423280975872.jpeg
1914269595185058144,"João Paulo II e Bento XVI, foram grandes Papas, verdadeiros defensores da fé católica.

Hoje, morre o Papa Francisco, cujo principal legado foi a defesa de uma agenda nefasta, a qual afastou milhões de católicos da igreja. https://t.co/fSgRiZPCYH","O autor não embasa sua declaração de que as ações do Papa Francisco levaram a perda de milhões de fiéis. Ao contrário, o número de católicos no mundo aumentou entre 2023 e 2024 segundo o Anuário Pontifício de 2025: cnbb.org.br/annuario-ponti…",pt,1914269591657709568.jpeg
1884710645423079441,"- 31 anos 
- classe média
- analista judiciário
- 17k mensais
- leva chifre
- decide m4_tar a muié
- d3s_truiu a própria vida
- pai c0meteu churrasco no banheiro
- família toda ficou desmoralizada

Tudo isso por causa de muié. It's over. https://t.co/O9d45YC9yr","Esse post distorce um caso de feminicídio ocorrido em 2020. A vítima, Miss Amazonas, teve um breve namoro de 3 meses e terminou após perceber o comportamento possessivo do suspeito. Não houve traição. O post desumaniza a vítima e vitimiza o assassino

Fonte: revistaquem.globo.com/QUEM-News/noti…
",pt,1884710635436494848.jpeg
1890423453112500669,O cabelo natural de Tongo Henrique KKKKKKKKKKKKKKK é frito não pô https://t.co/Nmi2ADvzPs,"O post é racista. No Brasil, racismo e injúria raciais são crimes inafiançáveis. No X, o comentário é passível de punição pelo código de conduta da plataforma.

Ao ver racismo na internet, documente e denuncie, tanto na plataforma quando pelo Disque 100 ou delegacia próxima.

help.x.com/en/rules-and-p…",pt,1890423428856868864.jpeg
1884312116313874598,Baratas pelo detefon 🤝 https://t.co/vHFrvvTNs6,"Essa foto foi editada digitalmente. A verdadeira se encontra em: lapagina.com.sv/internacionale…

Também é possível verificar a autenticidade da imagem com programas de edição de fotos.",pt,1884312110261215232.jpeg
1890836407079379245,🚨 Pedro Pascal seguiu Fernanda Torres no Instagram. https://t.co/Bcc7rtDepu,"A informação é falsa.

Pedro Pascal não seguiu Fernanda Torres no Instagram.

instagram.com/pascalispunk?i…",pt,1890836402457161728.jpeg
1892989376243658824,"⚽Domingo de Botafogo x Vasco: quem ganha essa? Quem me seguir vai ganhar acesso grátis no meu grupo, ta batendo tudo! #Publi"" https://t.co/UjbnjhIUfc","Grupos de apostas esportivas podem ser golpes. Nao há nenhuma garantia de ganhos. Apostas esportivas não são investimento, a casa de apostas nunca perde e no caso de grupos, só o dono do grupo ganha com o dinheiro de quem entra.
jornalopcao.com.br/policia/pirami…
instagram.com/p/CsNGD82OA_Q/…
investalk.bb.com.br/noticias/quero…",pt,1892989186874998784.jpeg
1911793453597388896,"Fih e Edu, do Diva Depressão, serão os novos apresentadores do MasterChef Brasil:

“Estamos muito honrados. Depois da Ana Paula Padrão, somos os primeiros a assumir o posto.” https://t.co/vt68G4rt51","Fih e Edu serão apresentadores da versão ""Creators"" do MasterChef Brasil. O formato, exclusivo para o YouTube, será uma competição entre criadores de conteúdo.
O programa MasterChef Brasil seguirá sem apresentador após a saída de Ana Paula Padrão.

Fontes: terra.com.br/diversao/tv/an…
metropoles.com/colunas/fabia-…",pt,1911793274055958529.jpeg
1908668714444349937,"Sempre bom lembrar que Vasco contratou o atleta Loide Augusto porque ele falou numa live no Instagram que queria jogar no time.

Os caras nem conferiram o histórico do jogador nem nada, apenas foram na Turquia e contrataram ele por causa de uma live. https://t.co/bAvb77kKzB","Vasco já negociava com ele a mais de 1 mês, mas o clube turco não queria liberá-lo. Um tempo depois ele pediu a liberação do time em live.

ge.globo.com/futebol/times/…

",pt,1908668691719294976.jpeg
1886209464782426427,"GENTE? Kanye West e sua esposa Bianca Censori foram EXPULSOS do #GRAMMYs 

Segundo o ET News, eles foram escoltados pra fora após aparecerem sem serem convidados. https://t.co/SAVyXZZXwK","A informação é incorreta. Kanye West não foi expulso do Grammy. O Entertainment Tonight já corrigiu a alegação, e o site oficial do Grammy confirma que todos os indicados, incluindo Kanye, foram convidados para a cerimônia.

grammy.com/news/2025-gram…",pt,1886209458675539968.jpeg
1924986222746751182,a jojo tá ficando magra demais socorro https://t.co/X8EgDGtOnU,"essa foto é IA, a foto verdadeira é da influencer Vitty e trocaram pelo rosto da Jojo Toddynho.

fonte: x.com/euvitty_/statu…",pt,1924986216237133824.jpeg
1896877693464973789,"MUSK ATACA TENTATIVA DE MORAES DE PERSEGUIR BRASILEIRA NATURALIZADA AMERICANA

Esta é a tradução da postagem dele no X:

“Flávia Magalhães, brasileira naturalizada americana (ha mais de 20 anos), teve sua prisão decretada pelo juiz Alexandre de Moraes por postar no X — enquanto https://t.co/Q39Ywk0d6b","O post que contém o texto citado não foi feito por Elon Musk, e sim por Mario Nawfal.

x.com/MarioNawfal/st…

No entanto, Musk tomou conhecimento do post de Mario e fez o seguinte comentário: ""Problemático"".

x.com/elonmusk/statu…",pt,1896877271081730048.jpeg
1877332004225626344,Isso é piada né? https://t.co/HNERohxQN3,"Tendo sido produzido pela Paramount, Sonic 3 atende aos critérios mínimos de representatividade exigidos pela Academia do Oscar. É mais provável que o filme não tenha sido exibido na cota mínima de salas de cinema exigida ou que o estúdio sequer tenha o submetido à lista.

thewrap.com/oscar-qualifyi…
cabanadoleitor.com.br/sonic-3-fake-n…",pt,1877331990069886976.jpeg
1878895017538052450,Vai se criando um clima… https://t.co/YXElOCLlLb,"A foto em questão é uma montagem. Não existe réplica de Leila Pereira e nem de Rony no Instagram. 
instagram.com/leilapereira?i…

instagram.com/rony7oficial?i…",pt,1878895012156461056.jpeg
1880986496611897805,"Com a VOLTA de Trump ao poder, TIK TOK acaba de SAIR DO AR nos EUA! 

- Esse é o MODELO de “liberdade de expressão” que a extrema-direita DEFENDE? 

QUANTA HIPOCRISIA!!! 🤡👍 https://t.co/sSGS9eB9iB","Donald Trump ainda não assumiu a presidência:

noticias.uol.com.br/internacional/…

Trump afirmou que ""muito provavelmente"" dará à rede social uma prorrogação de 90 dias antes da proibição:

bbc.com/portuguese/art…

O CEO do TikTok agradeceu a Trump por buscar soluções para o futuro do app chinês nos EUA:

oglobo.globo.com/economia/tecno…",pt,1880986491343560704.jpeg
1890826490654212133,Café tá tão caro que estão vendendo individual kkkkkkkkkkkkk https://t.co/q1tImCnrRz,"Drip coffee é um café moído em sachê, semelhante a um sachê de chá, que pode ser preparado em qualquer lugar. 

Foi criado no Japão em 1990 e não tem nada a ver com o valor do café atual estar aumentando.

exame.com/casual/o-que-e…

",pt,1890826482475233280.jpeg
1937530582579445990,"esse é Matheus Eduardo Gehring, o merda responsável por iniciar toda a fake news sobre a Erika Hilton usar verba de gabinete pra pagar maquiador https://t.co/LPNONgoIih","Não é fake news. Ele apenas entrou no portal da transparência e fez um post com dados públicos. Erika confessou usar as pessoas citadas em seu gabinete e disse serem assessores parlamentares. No entanto, ambos aparecem como maquiadores em suas respectivas redes sociais.

metropoles.com/colunas/andrez…

oantagonista.com.br/brasil/erika-h…

revistaoeste.com/politica/erika…",pt,1937530576052928513.jpeg
1883321931153498249,Mate a família na paulada e fique livre e milionária. Esse país é amaldiçoado. https://t.co/uIS5Ehaf1P,"Essa informação é falsa. O SBT já negou qualquer negociação com Suzane.

terra.com.br/diversao/tv/su…

metropoles.com/colunas/fabia-…",pt,1883321927122452480.jpeg
1880004313298399741,"Sem zoeira, Antony é a definição de jogador SUPERESTIMADO, todo mundo esperava MUITO dele https://t.co/bA902rTEgA","Este post contém um anúncio oculto do site de apostas ""Stake"". Algo que vai contra as diretrizes do X, pois é um anúncio não divulgado de um serviço de apostas, o que é proibido aqui no ""X"".

help.x.com/en/rules-and-p…",pt,1880004307476496384.jpeg
1899529290451988680,"O Supremo Tribunal dos EUA, autorizou o Poder Judiciário do Governo  da Flórida a notificar, pessoalmente, Alexandre de Moraes para comparecer em uma oitiva  da justiça daquele Estado. Caso  não compareça na audiência, a ser marcada, haverá um pedido de extradição que o Brasil https://t.co/m2QAXDtbss","A Constituição proíbe a extradição de brasileiros natos, exceto se eles optarem por nacionalidade estrangeira. 
jusbrasil.com.br/noticias/e-pos…),%2Dlo%20e%20puni%2Dlo.",pt,1899529283984334848.jpeg
1931737408531288387,"GENTE? Khaby Lame, o influenciador mais seguido do TikTok, foi PRESO pela imigração dos Estados Unidos, após “exceder o prazo de validade do visto”. https://t.co/KxbHku3pil","Khaby Lame não foi PRESO e sim DETIDO nos EUA por estar como visto detido! Khaby Lame foi LIBERADO ao se prontificar a deixar o país imediatamente e assim o fez por conta própria.

terra.com.br/noticias/mundo…

g1.globo.com/mundo/noticia/…

veja.abril.com.br/mundo/astro-ma…",pt,1931737027088613376.jpeg
1914053267534782484,Sócio Rabolho n 30177 https://t.co/IvDUXKo0XZ,"O sócio n°. 30177 trata-se de Custódio Jesus Mendes Santos e não do árbitro Fábio Veríssimo, sendo que o segundo não se encontra sequer na lista. 

slbenfica.pt/pt-pt/institui…",pt,1914053264485543936.jpeg
1879942904992657531,fui seguir ela pra tirar minha dúvida em um negócio e confirmei https://t.co/5yuWFuQmNo,"Bel Rodrigues NÃO curtiu a postagem do deputado Nikolas Ferreira no Instagram. A streamer se pronunciou contra o conteúdo por meio dos stories.

O autor do tweet busca obter curtidas com desinformação e oculta comentários que desmentem a postagem.

x.com/bruningsppar/s…
instagram.com/belrodrigues13
instagram.com/reel/DEz20G0Ro…  ",pt,1879942899896295425.jpeg
1881079637541077361,"DOIS JOGOS SEGUIDOS!

Ausência de Hugo Souza por dois jogos já começa a chamar atenção. Goleiro normalmente volta rápido.

Clube não divulgou nenhum problema de Hugo.

Pelo visto as férias pegaram mesmo no físico, hein...

#Corinthians https://t.co/RMxRL14twF","Cabe ao jornalista pesquisar fatos e fontes antes de fazer um post. Foi noticiado pela cazé tv na transmissão do jogo, que Hugo Souza está com amigdalite.
youtube.com/live/UoqUxOETl…",pt,1881079632029446144.jpeg
1937666719235088516,"🚨AGORA: Manoel, pai da jovem Juliana Marins, faz uma carta aberta para a filha que morreu no vulcão da Indonésia. https://t.co/6xvt8l2xtQ","O texto é a letra de Pedaço de Mim do Chico Buarque 
youtu.be/nRNmIumFui8?si…",pt,1937666710393278464.jpeg
1899775938927145098,"Cara. Nunca vou normalizar isso.

40 mil no Japão https://t.co/ojgPYTpU2X","Não há números oficiais quando a torcida do Corinthians presente na decisão, contudo, a FIFA informou CERCA (valor aproximado) de 30 mil. 

fifa.com/pt/articles/mu…",pt,1899775925312528385.jpeg
1915453725897794003,"⛓️ 💰 Pouco antes de morrer, Papa Francisco DOOU todos os seus BENS, avaliados em 200 mil euros (R$ 1,3 milhão), a um PRESÍDIO e a um centro de DETENÇÃO JUVENIL em Roma, na Itália. https://t.co/3J99dK9W93","Na verdade, a doação foi destinada a uma fábrica de massas no centro de detenção juvenil Casal del Marmo, em Roma, e não ao presídio em si

cbn.globo.com/mundo/noticia/…",pt,1915452328645185536.jpeg
1930363976203788773,"🔴ÚLTIMA HORA: Ministros do STF esperam apoio da população contra sanções dos EUA

""Se o povo sair às ruas em defesa do STF, isso poderia levar os EUA a recuarem, e os ministros estão contando com isso."" https://t.co/ixrwHcwUr8","Não há nenhum canal, site, portal de notícias, blog ou qualquer outra coisa que tenha como fonte tal informação. O autor nem cita as fontes das frases.

google.com/search?client=…

Feita uma busca no Google, por exemplo, nada aparece. ",pt,1930363974156947456.jpeg
1922045313205834000,"Grealish já tá dando encima da ex de Douglas kkkkkkkkk

- feliz dia das mães
- eu não sou mãe, mas obrigada
- eu posso resolver isso 😏

Que isso pow 😂😂 https://t.co/UwLbOiQ5KC","A imagem apresentada no post foi editada digitalmente. Os comentários não existiram nas publicações originais e os números de curtidas, após 18h, são incoerentes com o engajamento típico dos perfis citados, reforçando que a captura não é autêntica.

instagram.com/p/DJgtcjDtHzr/…

",pt,1922045310815137793.jpeg
1878131672887030049,"@CentralDoBrega Resposta histórica do Vasco em 1924

Fluminense em 1923: https://t.co/FJO5KPpHrw","O Fluminense nunca obrigou seus jogadores a esconder a cor da pele, inclusive em 1910 já possuía jogadores negros no elenco como Alfredo Guimarães e Carlos Alberto

ge.globo.com/futebol/times/…",pt,1878131670429118464.jpeg
1892989530208194831,"Nao esperava oq? Quase toda mulher quando termina ja tem um ou 2 reserva em mente, como diria jesus, ""ja adulterou em seu coraçao""só ta chocado com isso quem n compreende a natureza feminina. https://t.co/F1jUElKbFG","A foto utilizada pelo autor do tweet é na realidade de outubro de 2020. O autor em questão, busca utilizar-se de alterações da realidade para favorecer seu ponto.

instagram.com/p/CG3tDpIjXtW/…",pt,1892989527565705216.jpeg
1887139306386382985,"“Não é que eu nao goste do futebol de Portugal, mas minha etapa lá foi apenas no inicio, acompanho o Sporting mas nunca pensei em voltar para o clube, acho que nao faz sentido”

🎙️| Cristiano Ronaldo https://t.co/dz06pSHjaR","esse post contém um anúncio oculto do site de apostas ""Stake"". Algo que vai contra as diretrizes do X, pois é um anúncio não divulgado de um serviço de apostas, o que é proibido aqui no ""X"".

Saiba mais: help.x.com/en/rules-and-p…",pt,1887139201692631040.jpeg
1883578059842023864,@PedroRonchi2 A opinião da mãe dele sobre ele é ainda melhor https://t.co/Q4nMEfXUIa,"A afirmação de que a mãe de Donald Trump teria dito algo sobre ele é uma peça de humor ou sátira, amplamente espalhada em redes sociais. Não há registros confiáveis ou fontes jornalísticas antigas que provem que ela tenha dito algo parecido

reuters.com/article/world/…",pt,1883578050761129984.jpeg
1886749244335198652,"O professor de economia @MarcioPochmann , atual presidente do IBGE, sofre uma intensa perseguição midiática no intuito de descridibilizar uma carreira brilhante.
Além de professor da Unicamp, foi presidente do IPEA e da Fundação Perseu Abramo.
É sem nenhuma sombra de dúvida um https://t.co/rjJ19zHXed","Não se trata de ""perseguição midiática"". Pochmann vem sendo criticado por funcionários do próprio IBGE.

infomoney.com.br/politica/crise…
oglobo.globo.com/blogs/malu-gas…
cnnbrasil.com.br/blogs/caio-jun…",pt,1886747302800261120.jpeg
1889063664281698496,Histórico. https://t.co/xlCNBkuQAW,"Este post contém um anúncio oculto do site de apostas ""Stake"".

Algo que vai contra as diretrizes do X.

Diretrizes: help.x.com/en/rules-and-p…",pt,1889063587366191104.jpeg
1909363002010390951,"NOTA OFICIAL

A Federação Pernambucana de Futebol (FPF) vem a público reconhecer e enaltecer a postura do presidente da Confederação Brasileira de Futebol (CBF), Ednaldo Rodrigues, diante dos fatos ocorridos na partida entre Sport Club do Recife e Sociedade Esportiva Palmeiras, https://t.co/aVUHeV90Hw","A Federação Pernambucana de Futebol sempre enaltecerá Ednaldo e a CBF, afinal, recebem uma mesada do presidente de R$215 mil reais mensais.

Fonte: piaui.folha.uol.com.br/as-extravaganc…",pt,1909362995911647232.jpeg
1929242728866480544,Puta merda hauahauhaahuahauaha https://t.co/wbkVy27tiW,"O print foi alterado. O conteúdo original do vídeo em questão não exibe esta imagem do ex presidente.

Print retirado no minuto 12:59 do vídeo e como pode-se perceber aqui: youtu.be/t-5SVwnpWpU?si…",pt,1929242726035329024.jpeg
1907438222440890584,"Futuro do reality Big Brother Brasil é incerto na Globo.

Segundo o jornalista Lo Bianco, a emissora está insatisfeita com a temporada atual e realizará uma pesquisa nacional para entender a queda de audiência do programa. Se o formato for considerado desgastado, a Globo pode https://t.co/m3giVYZVPn","Lo Bianco é um jornalista conhecido por ser sensacionalista. Ele foi o responsável por afirmar que Ana Maria Braga deixaria o Mais Voce em 2025, mas foi desmentido.

gshow.globo.com/google/amp/tv/…

Além disso, a Globo renovou o contrato com a Edndemol e vai produzir o BBB até 2028

f5.folha.uol.com.br/amp/televisao/…

",pt,1907438217567113216.jpeg
1914830599501586644,"🚨ATENÇÃO: Antes de morrer, Papa Francisco demitiu Angelo Becciu por fraude financeira e retirou seus direitos de cardeal, inclusive o de participar de um conclave.

Mesmo assim, Becciu apareceu hoje no Vaticano, irritado, alegando ainda ter o direito de tentar ser papa. Guardas https://t.co/fYCbR1wAzW"," Angelo Becciu renunciou o cargo em setembro de 2020, tendo os ""direitos ligados ao cardinalato"" retirados, apesar de manter o título de cardeal, não tem funções na Cúria Romana e nem o direito de participar do conclave.

ihu.unisinos.br/categorias/621…

bbc.com/portuguese/art…",pt,1914830590882267136.jpeg
1933665646740492702,"Pirulla, youtuber e biólogo que teve AVC, deixa UTI, inicia reabilitação e segue hospitalizado em SP https://t.co/u7JoP8UQLx #g1 https://t.co/Qkcgrp66n5","O link do post leva para outra notícia, segue o link correto:

g1.globo.com/sp/sao-paulo/n…",pt,1933665641749250049.jpeg
1896176997417828569,"Até um bagre que passou pelo Palmeiras tem mais gols que um ídolo dos bambis 

🐷😎 https://t.co/liCcMErwin","Calleri pelo SAO PAULO tem 76 gols enquanto Borja pelo PALMEIRAS tem 36 gols. Comparação clubista apenas pra elevar o ego do torcedor do Palmeiras.

transfermarkt.com.br/borja/alletore…",pt,1896176991524487168.jpeg
1925913257669214427,"🚨VEJA: A partir de 2026, companhias aéreas de baixo custo adotarão assentos acolchoados para ficar em pé em voos curtos, aumentando em até 20% a capacidade das aeronaves. https://t.co/5TZr3p9acs","Não há confirmação oficial. Ryanair, Wizz Air e easyJet negaram planos, e a fabricante Aviointeriors não confirmou parcerias. O conceito Skyrider existe desde 2012, mas enfrenta barreiras regulatórias e preocupações com segurança e conforto. 

metro.co.uk/2025/05/22/sta…

x.com/grok/status/19…",pt,1925913251751120896.jpeg
1875719540128281010,"OS MAIORES ANIMAIS DO MUNDO! - Segue a thread 👇

Esse é o Elivs, a maior lagartixa do mundo. Você também pode chamar de crocodilo australiano se quiser! https://t.co/1E6mFsPT4x","Elvis nao é o maior crocodilo do mundo. O recordista tem 6,1 metros de comprimento contra 4,5m de Elvis

noticiabrasil.net.br/20210112/croco… 

metropoles.com/distrito-feder…",pt,1875710854441713664.jpeg
1903379001206308895,Deus abençoe Gabriel Monteiro https://t.co/ie6FsAexMa,"O vereador cassado Gabriel Monteiro não foi inocentado do crime de estupro, sua prisão preventiva de 2 anos foi alterada para medidas cautelares incluindo uso de tornozeleira eletrônica, manter distância da vítima e não sair do estado do RJ.
google.com/amp/s/g1.globo…",pt,1903378998845198336.jpeg
1892344173619024274,"🚨URGENTE

Bolsonaro quer FUGIR do Brasil!

- Em reunião A PORTAS FECHADAS ele ADMITIU que TÁ COM MEDO da PRISÃO e quer FUGIR. 

PRA CIMA DELE, XANDÃO: PRISÃO PREVENTIVA JÁ!!! 🚔👍 https://t.co/8bBzXCMh3S","A matéria publicada no site do Metrópoles diz que Bolsonaro, ao contrário do que alega Pedro Rousseff, prometeu em reunião fechada que não iria fugir.

""Bolsonaro, entretanto, prometeu não fugir do Brasil. Ele disse que continuará defendendo sua inocência no STF"".

metropoles.com/colunas/igor-g…",pt,1892344142677569536.jpeg
1903002897291395360,Então esta é a foto de alta resolução da suposta evidência de que Hitler viveu na Argentina desde 1955? A foto se encontra nos arquivos JFK revelados ontem. https://t.co/a5hETEAGBG,"A suposta foto de Hitler vivo pós 1945 foi publicada em 2017, não “ontem”, e não tem autenticidade confirmada. Hitler morreu em 1945 em Berlim conforme estudo publicado em 2018 por cientistas franceses, que analisou a ossada recuperada pela URSS e exames de raio X dele de 1944.
smithsonianmag.com/smart-news/hit…",pt,1903002729049460737.jpeg
1878867884979695774,"Mas esta gente perdeu a vergonha?! 🧐

#LiveAlentejano https://t.co/evAOsIRsjs","A imagem e o texto do artigo foram adulterados e são falsos. O artigo original está aqui: 

t.co/X1GWV9euGY",pt,1878867882693595136.jpeg
1931009630278140345,"DEMANDA? TEMOS!!! Ingressos para o show de Katy Perry em Brasília e em Curitiba esgotaram em menos de 8min.
. https://t.co/keHfwC5DDL","Informação inverídica, até o momento há ingressos disponíveis para ambos os shows. A opção meia-entrada é que se encontra indisponível no site da Livepass

livepass.com.br/event/katy-per…",pt,1931009624418725888.jpeg
